SubnetworkSize	TruePositives	FalsePositives	PPV(%)	genes
1	1	0	100	PIK3CA
2	1	0	100	PIK3CA
3	3	0	100	PIK3CA,TP53,PIK3R1
4	4	0	100	PIK3CA,TP53,PIK3R1,CTNNB1
5	5	0	100	PIK3CA,TP53,PIK3R1,CTNNB1,PTEN
6	6	0	100	PIK3CA,TP53,PIK3R1,CTNNB1,PTEN,MYC
7	6	0	100	PIK3CA,TP53,PIK3R1,CTNNB1,PTEN,MYC
8	7	1	88	PIK3CA,TP53,PIK3R1,CTNNB1,PTEN,MYC,ERBB2,VCAN
9	7	1	88	PIK3CA,TP53,PIK3R1,CTNNB1,PTEN,MYC,ERBB2,VCAN
10	7	1	88	PIK3CA,TP53,PIK3R1,CTNNB1,PTEN,MYC,ERBB2,VCAN
11	7	1	88	PIK3CA,TP53,PIK3R1,CTNNB1,PTEN,MYC,ERBB2,VCAN
12	8	1	90	PIK3CA,TP53,PIK3R1,CTNNB1,PTEN,MYC,ERBB2,APC,VCAN
13	8	1	90	PIK3CA,TP53,PIK3R1,CTNNB1,PTEN,MYC,ERBB2,APC,VCAN
14	8	1	90	PIK3CA,TP53,PIK3R1,CTNNB1,PTEN,MYC,ERBB2,APC,VCAN
15	8	1	90	PIK3CA,TP53,PIK3R1,CTNNB1,PTEN,MYC,ERBB2,APC,VCAN
16	8	1	90	PIK3CA,TP53,PIK3R1,CTNNB1,PTEN,MYC,ERBB2,APC,VCAN
17	8	1	90	PIK3CA,TP53,PIK3R1,CTNNB1,PTEN,MYC,ERBB2,APC,VCAN
18	8	1	90	PIK3CA,TP53,PIK3R1,CTNNB1,PTEN,MYC,ERBB2,APC,VCAN
19	8	2	81	PIK3CA,TP53,PIK3R1,CTNNB1,PTEN,MYC,ERBB2,APC,VCAN,CRK
20	8	2	81	PIK3CA,TP53,PIK3R1,CTNNB1,PTEN,MYC,ERBB2,APC,VCAN,CRK
21	8	2	81	PIK3CA,TP53,PIK3R1,CTNNB1,PTEN,MYC,ERBB2,APC,VCAN,CRK
22	8	2	81	PIK3CA,TP53,PIK3R1,CTNNB1,PTEN,MYC,ERBB2,APC,VCAN,CRK
23	8	2	81	PIK3CA,TP53,PIK3R1,CTNNB1,PTEN,MYC,ERBB2,APC,VCAN,CRK
24	8	2	81	PIK3CA,TP53,PIK3R1,CTNNB1,PTEN,MYC,ERBB2,APC,VCAN,CRK
25	8	2	81	PIK3CA,TP53,PIK3R1,CTNNB1,PTEN,MYC,ERBB2,APC,VCAN,CRK
26	8	2	81	PIK3CA,TP53,PIK3R1,CTNNB1,PTEN,MYC,ERBB2,APC,VCAN,CRK
27	8	2	81	PIK3CA,TP53,PIK3R1,CTNNB1,PTEN,MYC,ERBB2,APC,VCAN,CRK
28	8	2	81	PIK3CA,TP53,PIK3R1,CTNNB1,PTEN,MYC,ERBB2,APC,VCAN,CRK
29	8	2	81	PIK3CA,TP53,PIK3R1,CTNNB1,PTEN,MYC,ERBB2,APC,VCAN,CRK
30	8	2	81	PIK3CA,TP53,PIK3R1,CTNNB1,PTEN,MYC,ERBB2,APC,VCAN,CRK
31	8	3	75	PIK3CA,TP53,PIK3R1,CTNNB1,PTEN,MYC,ERBB2,APC,VCAN,CRK,GRB2
32	8	4	69	PIK3CA,TP53,PIK3R1,CTNNB1,PTEN,MYC,ERBB2,APC,VCAN,CRK,MCL1,GRB2
33	8	4	69	PIK3CA,TP53,PIK3R1,CTNNB1,PTEN,MYC,ERBB2,APC,VCAN,CRK,MCL1,GRB2
34	8	6	60	PIK3CA,TP53,PIK3R1,CTNNB1,PTEN,MYC,ERBB2,APC,VCAN,BCL2L1,CRK,MCL1,LEF1,GRB2
35	8	6	60	PIK3CA,TP53,PIK3R1,CTNNB1,PTEN,MYC,ERBB2,APC,VCAN,BCL2L1,CRK,MCL1,LEF1,GRB2
36	8	6	60	PIK3CA,TP53,PIK3R1,CTNNB1,PTEN,MYC,ERBB2,APC,VCAN,BCL2L1,CRK,MCL1,LEF1,GRB2
37	8	6	60	PIK3CA,TP53,PIK3R1,CTNNB1,PTEN,MYC,ERBB2,APC,VCAN,BCL2L1,CRK,MCL1,LEF1,GRB2
38	8	7	56	PIK3CA,TP53,PIK3R1,CTNNB1,PTEN,MYC,ERBB2,APC,VCAN,BCL2L1,CRK,MCL1,LEF1,GRB2,NCK1
39	8	7	56	PIK3CA,TP53,PIK3R1,CTNNB1,PTEN,MYC,ERBB2,APC,VCAN,BCL2L1,CRK,MCL1,LEF1,GRB2,NCK1
40	8	7	56	PIK3CA,TP53,PIK3R1,CTNNB1,PTEN,MYC,ERBB2,APC,VCAN,BCL2L1,CRK,MCL1,LEF1,GRB2,NCK1
41	9	7	58	PIK3CA,TP53,PIK3R1,CTNNB1,PTEN,MYC,ERBB2,APC,MAX,VCAN,BCL2L1,CRK,MCL1,LEF1,GRB2,NCK1
42	9	8	55	PIK3CA,TP53,PIK3R1,CTNNB1,PTEN,MYC,ERBB2,APC,MAX,VCAN,BCL2L1,CRK,MCL1,LEF1,GRB2,VAV2,NCK1
43	9	9	52	PIK3CA,TP53,PIK3R1,CTNNB1,PTEN,MYC,ERBB2,APC,MAX,VCAN,BCL2L1,CRK,MCL1,LEF1,GRB2,VAV2,NCK1,FYN
44	9	10	50	PIK3CA,TP53,PIK3R1,CTNNB1,PTEN,MYC,ERBB2,APC,MAX,VCAN,BCL2L1,CRK,MCL1,LEF1,GRB2,VAV2,NCK1,SRC,FYN
45	10	10	52	PIK3CA,TP53,PIK3R1,CTNNB1,PTEN,MYC,ERBB2,APC,MAX,ABL1,VCAN,BCL2L1,CRK,MCL1,LEF1,GRB2,VAV2,NCK1,SRC,FYN
46	10	10	52	PIK3CA,TP53,PIK3R1,CTNNB1,PTEN,MYC,ERBB2,APC,MAX,ABL1,VCAN,BCL2L1,CRK,MCL1,LEF1,GRB2,VAV2,NCK1,SRC,FYN
47	10	10	52	PIK3CA,TP53,PIK3R1,CTNNB1,PTEN,MYC,ERBB2,APC,MAX,ABL1,VCAN,BCL2L1,CRK,MCL1,LEF1,GRB2,VAV2,NCK1,SRC,FYN
48	10	10	52	PIK3CA,TP53,PIK3R1,CTNNB1,PTEN,MYC,ERBB2,APC,MAX,ABL1,VCAN,BCL2L1,CRK,MCL1,LEF1,GRB2,VAV2,NCK1,SRC,FYN
49	10	10	52	PIK3CA,TP53,PIK3R1,CTNNB1,PTEN,MYC,ERBB2,APC,MAX,ABL1,VCAN,BCL2L1,CRK,MCL1,LEF1,GRB2,VAV2,NCK1,SRC,FYN
50	10	10	52	PIK3CA,TP53,PIK3R1,CTNNB1,PTEN,MYC,ERBB2,APC,MAX,ABL1,VCAN,BCL2L1,CRK,MCL1,LEF1,GRB2,VAV2,NCK1,SRC,FYN
51	10	10	52	PIK3CA,TP53,PIK3R1,CTNNB1,PTEN,MYC,ERBB2,APC,MAX,ABL1,VCAN,BCL2L1,CRK,MCL1,LEF1,GRB2,VAV2,NCK1,SRC,FYN
52	10	12	47	PIK3CA,TP53,PIK3R1,CTNNB1,PTEN,MYC,ERBB2,APC,MAX,ABL1,VCAN,BCL2L1,MACF1,CRK,MCL1,LEF1,GRB2,VAV2,NCK1,SRC,FYN,RHOA
53	10	12	47	PIK3CA,TP53,PIK3R1,CTNNB1,PTEN,MYC,ERBB2,APC,MAX,ABL1,VCAN,BCL2L1,MACF1,CRK,MCL1,LEF1,GRB2,VAV2,NCK1,SRC,FYN,RHOA
54	10	13	45	PIK3CA,TP53,PIK3R1,CTNNB1,PTEN,MYC,ERBB2,APC,MAX,ABL1,VCAN,BCL2L1,MACF1,CRK,MCL1,LEF1,CTNND1,GRB2,VAV2,NCK1,SRC,FYN,RHOA
55	10	13	45	PIK3CA,TP53,PIK3R1,CTNNB1,PTEN,MYC,ERBB2,APC,MAX,ABL1,VCAN,BCL2L1,MACF1,CRK,MCL1,LEF1,CTNND1,GRB2,VAV2,NCK1,SRC,FYN,RHOA
56	10	13	45	PIK3CA,TP53,PIK3R1,CTNNB1,PTEN,MYC,ERBB2,APC,MAX,ABL1,VCAN,BCL2L1,MACF1,CRK,MCL1,LEF1,CTNND1,GRB2,VAV2,NCK1,SRC,FYN,RHOA
57	10	13	45	PIK3CA,TP53,PIK3R1,CTNNB1,PTEN,MYC,ERBB2,APC,MAX,ABL1,VCAN,BCL2L1,MACF1,CRK,MCL1,LEF1,CTNND1,GRB2,VAV2,NCK1,SRC,FYN,RHOA
58	10	13	45	PIK3CA,TP53,PIK3R1,CTNNB1,PTEN,MYC,ERBB2,APC,MAX,ABL1,VCAN,BCL2L1,MACF1,CRK,MCL1,LEF1,CTNND1,GRB2,VAV2,NCK1,SRC,FYN,RHOA
59	11	13	48	PIK3CA,TP53,PIK3R1,CTNNB1,PTEN,MYC,ERBB2,APC,MAX,ABL1,CCNE1,VCAN,BCL2L1,MACF1,CRK,MCL1,LEF1,CTNND1,GRB2,VAV2,NCK1,SRC,FYN,RHOA
60	11	13	48	PIK3CA,TP53,PIK3R1,CTNNB1,PTEN,MYC,ERBB2,APC,MAX,ABL1,CCNE1,VCAN,BCL2L1,MACF1,CRK,MCL1,LEF1,CTNND1,GRB2,VAV2,NCK1,SRC,FYN,RHOA
61	11	13	48	PIK3CA,TP53,PIK3R1,CTNNB1,PTEN,MYC,ERBB2,APC,MAX,ABL1,CCNE1,VCAN,BCL2L1,MACF1,CRK,MCL1,LEF1,CTNND1,GRB2,VAV2,NCK1,SRC,FYN,RHOA
62	12	13	50	PIK3CA,TP53,PIK3R1,CTNNB1,PTEN,MYC,ERBB2,APC,MAX,ABL1,CCND1,CCNE1,VCAN,BCL2L1,MACF1,CRK,MCL1,LEF1,CTNND1,GRB2,VAV2,NCK1,SRC,FYN,RHOA
63	14	15	50	PIK3CA,TP53,PIK3R1,CTNNB1,PTEN,MYC,ERBB2,APC,MAX,ABL1,PLCG1,CCND1,CCNE1,EGFR,VCAN,NRXN1,BCL2L1,MACF1,CRK,MCL1,LEF1,CTNND1,GRB2,VAV2,NCK1,SRC,FYN,RHOA,AGAP2
64	14	15	50	PIK3CA,TP53,PIK3R1,CTNNB1,PTEN,MYC,ERBB2,APC,MAX,ABL1,PLCG1,CCND1,CCNE1,EGFR,VCAN,NRXN1,BCL2L1,MACF1,CRK,MCL1,LEF1,CTNND1,GRB2,VAV2,NCK1,SRC,FYN,RHOA,AGAP2
65	15	15	51	PIK3CA,TP53,PIK3R1,CTNNB1,PTEN,MYC,ERBB2,APC,MAX,ABL1,PLCG1,CCND1,MED12,CCNE1,EGFR,VCAN,NRXN1,BCL2L1,MACF1,CRK,MCL1,LEF1,CTNND1,GRB2,VAV2,NCK1,SRC,FYN,RHOA,AGAP2
66	15	15	51	PIK3CA,TP53,PIK3R1,CTNNB1,PTEN,MYC,ERBB2,APC,MAX,ABL1,PLCG1,CCND1,MED12,CCNE1,EGFR,VCAN,NRXN1,BCL2L1,MACF1,CRK,MCL1,LEF1,CTNND1,GRB2,VAV2,NCK1,SRC,FYN,RHOA,AGAP2
67	15	15	51	PIK3CA,TP53,PIK3R1,CTNNB1,PTEN,MYC,ERBB2,APC,MAX,ABL1,PLCG1,CCND1,MED12,CCNE1,EGFR,VCAN,NRXN1,BCL2L1,MACF1,CRK,MCL1,LEF1,CTNND1,GRB2,VAV2,NCK1,SRC,FYN,RHOA,AGAP2
68	15	15	51	PIK3CA,TP53,PIK3R1,CTNNB1,PTEN,MYC,ERBB2,APC,MAX,ABL1,PLCG1,CCND1,MED12,CCNE1,EGFR,VCAN,NRXN1,BCL2L1,MACF1,CRK,MCL1,LEF1,CTNND1,GRB2,VAV2,NCK1,SRC,FYN,RHOA,AGAP2
69	15	15	51	PIK3CA,TP53,PIK3R1,CTNNB1,PTEN,MYC,ERBB2,APC,MAX,ABL1,PLCG1,CCND1,MED12,CCNE1,EGFR,VCAN,NRXN1,BCL2L1,MACF1,CRK,MCL1,LEF1,CTNND1,GRB2,VAV2,NCK1,SRC,FYN,RHOA,AGAP2
70	15	15	51	PIK3CA,TP53,PIK3R1,CTNNB1,PTEN,MYC,ERBB2,APC,MAX,ABL1,PLCG1,CCND1,MED12,CCNE1,EGFR,VCAN,NRXN1,BCL2L1,MACF1,CRK,MCL1,LEF1,CTNND1,GRB2,VAV2,NCK1,SRC,FYN,RHOA,AGAP2
71	15	16	50	PIK3CA,TP53,PIK3R1,CTNNB1,PTEN,MYC,ERBB2,APC,MAX,ABL1,PLCG1,CCND1,MED12,CCNE1,EGFR,VCAN,NRXN1,BCL2L1,MACF1,CRK,MCL1,LEF1,CTNND1,GRB2,VAV2,NCK1,SRC,FYN,RHOA,AGAP2,CHD3
72	15	16	50	PIK3CA,TP53,PIK3R1,CTNNB1,PTEN,MYC,ERBB2,APC,MAX,ABL1,PLCG1,CCND1,MED12,CCNE1,EGFR,VCAN,NRXN1,BCL2L1,MACF1,CRK,MCL1,LEF1,CTNND1,GRB2,VAV2,NCK1,SRC,FYN,RHOA,AGAP2,CHD3
73	15	16	50	PIK3CA,TP53,PIK3R1,CTNNB1,PTEN,MYC,ERBB2,APC,MAX,ABL1,PLCG1,CCND1,MED12,CCNE1,EGFR,VCAN,NRXN1,BCL2L1,MACF1,CRK,MCL1,LEF1,CTNND1,GRB2,VAV2,NCK1,SRC,FYN,RHOA,AGAP2,CHD3
74	15	16	50	PIK3CA,TP53,PIK3R1,CTNNB1,PTEN,MYC,ERBB2,APC,MAX,ABL1,PLCG1,CCND1,MED12,CCNE1,EGFR,VCAN,NRXN1,BCL2L1,MACF1,CRK,MCL1,LEF1,CTNND1,GRB2,VAV2,NCK1,SRC,FYN,RHOA,AGAP2,CHD3
75	15	16	50	PIK3CA,TP53,PIK3R1,CTNNB1,PTEN,MYC,ERBB2,APC,MAX,ABL1,PLCG1,CCND1,MED12,CCNE1,EGFR,VCAN,NRXN1,BCL2L1,MACF1,CRK,MCL1,LEF1,CTNND1,GRB2,VAV2,NCK1,SRC,FYN,RHOA,AGAP2,CHD3
76	15	16	50	PIK3CA,TP53,PIK3R1,CTNNB1,PTEN,MYC,ERBB2,APC,MAX,ABL1,PLCG1,CCND1,MED12,CCNE1,EGFR,VCAN,NRXN1,BCL2L1,MACF1,CRK,MCL1,LEF1,CTNND1,GRB2,VAV2,NCK1,SRC,FYN,RHOA,AGAP2,CHD3
77	15	16	50	PIK3CA,TP53,PIK3R1,CTNNB1,PTEN,MYC,ERBB2,APC,MAX,ABL1,PLCG1,CCND1,MED12,CCNE1,EGFR,VCAN,NRXN1,BCL2L1,MACF1,CRK,MCL1,LEF1,CTNND1,GRB2,VAV2,NCK1,SRC,FYN,RHOA,AGAP2,CHD3
78	15	16	50	PIK3CA,TP53,PIK3R1,CTNNB1,PTEN,MYC,ERBB2,APC,MAX,ABL1,PLCG1,CCND1,MED12,CCNE1,EGFR,VCAN,NRXN1,BCL2L1,MACF1,CRK,MCL1,LEF1,CTNND1,GRB2,VAV2,NCK1,SRC,FYN,RHOA,AGAP2,CHD3
79	15	17	48	PIK3CA,TP53,PIK3R1,CTNNB1,PTEN,MYC,ERBB2,APC,MAX,ABL1,PLCG1,CCND1,MED12,CCNE1,EGFR,VCAN,NRXN1,BCL2L1,MACF1,CRK,MCL1,LEF1,CTNND1,ERBB3,GRB2,VAV2,NCK1,SRC,FYN,RHOA,AGAP2,CHD3
80	15	17	48	PIK3CA,TP53,PIK3R1,CTNNB1,PTEN,MYC,ERBB2,APC,MAX,ABL1,PLCG1,CCND1,MED12,CCNE1,EGFR,VCAN,NRXN1,BCL2L1,MACF1,CRK,MCL1,LEF1,CTNND1,ERBB3,GRB2,VAV2,NCK1,SRC,FYN,RHOA,AGAP2,CHD3
81	15	17	48	PIK3CA,TP53,PIK3R1,CTNNB1,PTEN,MYC,ERBB2,APC,MAX,ABL1,PLCG1,CCND1,MED12,CCNE1,EGFR,VCAN,NRXN1,BCL2L1,MACF1,CRK,MCL1,LEF1,CTNND1,ERBB3,GRB2,VAV2,NCK1,SRC,FYN,RHOA,AGAP2,CHD3
82	15	17	48	PIK3CA,TP53,PIK3R1,CTNNB1,PTEN,MYC,ERBB2,APC,MAX,ABL1,PLCG1,CCND1,MED12,CCNE1,EGFR,VCAN,NRXN1,BCL2L1,MACF1,CRK,MCL1,LEF1,CTNND1,ERBB3,GRB2,VAV2,NCK1,SRC,FYN,RHOA,AGAP2,CHD3
83	15	17	48	PIK3CA,TP53,PIK3R1,CTNNB1,PTEN,MYC,ERBB2,APC,MAX,ABL1,PLCG1,CCND1,MED12,CCNE1,EGFR,VCAN,NRXN1,BCL2L1,MACF1,CRK,MCL1,LEF1,CTNND1,ERBB3,GRB2,VAV2,NCK1,SRC,FYN,RHOA,AGAP2,CHD3
84	15	18	47	PIK3CA,TP53,PIK3R1,CTNNB1,PTEN,MYC,ERBB2,APC,MAX,ABL1,PLCG1,CCND1,MED12,CCNE1,EGFR,VCAN,NRXN1,BCL2L1,MACF1,CRK,MCL1,LEF1,CTNND1,ERBB3,GRB2,VAV2,NCK1,SRC,FYN,RHOA,AGAP2,TRIM28,CHD3
85	15	18	47	PIK3CA,TP53,PIK3R1,CTNNB1,PTEN,MYC,ERBB2,APC,MAX,ABL1,PLCG1,CCND1,MED12,CCNE1,EGFR,VCAN,NRXN1,BCL2L1,MACF1,CRK,MCL1,LEF1,CTNND1,ERBB3,GRB2,VAV2,NCK1,SRC,FYN,RHOA,AGAP2,TRIM28,CHD3
86	16	19	47	PIK3CA,TP53,PIK3R1,CTNNB1,PTEN,MYC,ERBB2,APC,MAX,ABL1,PLCG1,BCL9,CCND1,MED12,CCNE1,EGFR,VCAN,NRXN1,BCL2L1,MACF1,MYO16,CRK,MCL1,LEF1,CTNND1,ERBB3,GRB2,VAV2,NCK1,SRC,FYN,RHOA,AGAP2,TRIM28,CHD3
87	16	20	45	PIK3CA,TP53,PIK3R1,CTNNB1,PTEN,MYC,ERBB2,APC,MAX,ABL1,PLCG1,BCL9,CCND1,MED12,CCNE1,EGFR,VCAN,NRXN1,BCL2L1,MACF1,MYO16,CRK,MCL1,LEF1,CTNND1,ERBB3,GRB2,VAV2,NCK1,SRC,FYN,RHOA,AGAP2,TRIM28,CHD3,ATXN1
88	16	21	44	PIK3CA,TP53,PIK3R1,CTNNB1,PTEN,MYC,ERBB2,APC,MAX,ABL1,PLCG1,BCL9,CCND1,MED12,CCNE1,EGFR,VCAN,NRXN1,BCL2L1,MACF1,MYO16,CRK,MCL1,LEF1,CTNND1,ERBB3,GRB2,VAV2,NCK1,SRC,FYN,AXIN2,RHOA,AGAP2,TRIM28,CHD3,ATXN1
89	17	21	46	PIK3CA,TP53,PIK3R1,CTNNB1,PTEN,MYC,ERBB2,APC,MAX,ABL1,PLCG1,BCL9,CCND1,MED12,CCNE1,EGFR,EP300,VCAN,NRXN1,BCL2L1,MACF1,MYO16,CRK,MCL1,LEF1,CTNND1,ERBB3,GRB2,VAV2,NCK1,SRC,FYN,AXIN2,RHOA,AGAP2,TRIM28,CHD3,ATXN1
90	17	21	46	PIK3CA,TP53,PIK3R1,CTNNB1,PTEN,MYC,ERBB2,APC,MAX,ABL1,PLCG1,BCL9,CCND1,MED12,CCNE1,EGFR,EP300,VCAN,NRXN1,BCL2L1,MACF1,MYO16,CRK,MCL1,LEF1,CTNND1,ERBB3,GRB2,VAV2,NCK1,SRC,FYN,AXIN2,RHOA,AGAP2,TRIM28,CHD3,ATXN1
91	17	21	46	PIK3CA,TP53,PIK3R1,CTNNB1,PTEN,MYC,ERBB2,APC,MAX,ABL1,PLCG1,BCL9,CCND1,MED12,CCNE1,EGFR,EP300,VCAN,NRXN1,BCL2L1,MACF1,MYO16,CRK,MCL1,LEF1,CTNND1,ERBB3,GRB2,VAV2,NCK1,SRC,FYN,AXIN2,RHOA,AGAP2,TRIM28,CHD3,ATXN1
92	17	21	46	PIK3CA,TP53,PIK3R1,CTNNB1,PTEN,MYC,ERBB2,APC,MAX,ABL1,PLCG1,BCL9,CCND1,MED12,CCNE1,EGFR,EP300,VCAN,NRXN1,BCL2L1,MACF1,MYO16,CRK,MCL1,LEF1,CTNND1,ERBB3,GRB2,VAV2,NCK1,SRC,FYN,AXIN2,RHOA,AGAP2,TRIM28,CHD3,ATXN1
93	17	22	45	PIK3CA,TP53,PIK3R1,CTNNB1,PTEN,MYC,ERBB2,APC,MAX,ABL1,PLCG1,BCL9,CCND1,MED12,CCNE1,EGFR,EP300,VCAN,NRXN1,BCL2L1,MACF1,MYO16,CRK,MCL1,LEF1,CTNND1,ERBB3,GRB2,VAV2,NCK1,SRC,FYN,AXIN2,RHOA,AGAP2,TRIM28,MTOR,CHD3,ATXN1
94	18	22	46	PIK3CA,TP53,PIK3R1,CTNNB1,PTEN,MYC,ERBB2,APC,MAX,CDH1,ABL1,PLCG1,BCL9,CCND1,MED12,CCNE1,EGFR,EP300,VCAN,NRXN1,BCL2L1,MACF1,MYO16,CRK,MCL1,LEF1,CTNND1,ERBB3,GRB2,VAV2,NCK1,SRC,FYN,AXIN2,RHOA,AGAP2,TRIM28,MTOR,CHD3,ATXN1
95	18	23	45	PIK3CA,TP53,PIK3R1,CTNNB1,PTEN,MYC,ERBB2,APC,MAX,CDH1,ABL1,PLCG1,BCL9,CCND1,MED12,CCNE1,EGFR,EP300,VCAN,NRXN1,BCL2L1,MACF1,MYO16,CRK,SIPA1L1,MCL1,LEF1,CTNND1,ERBB3,GRB2,VAV2,NCK1,SRC,FYN,AXIN2,RHOA,AGAP2,TRIM28,MTOR,CHD3,ATXN1
96	18	23	45	PIK3CA,TP53,PIK3R1,CTNNB1,PTEN,MYC,ERBB2,APC,MAX,CDH1,ABL1,PLCG1,BCL9,CCND1,MED12,CCNE1,EGFR,EP300,VCAN,NRXN1,BCL2L1,MACF1,MYO16,CRK,SIPA1L1,MCL1,LEF1,CTNND1,ERBB3,GRB2,VAV2,NCK1,SRC,FYN,AXIN2,RHOA,AGAP2,TRIM28,MTOR,CHD3,ATXN1
97	18	23	45	PIK3CA,TP53,PIK3R1,CTNNB1,PTEN,MYC,ERBB2,APC,MAX,CDH1,ABL1,PLCG1,BCL9,CCND1,MED12,CCNE1,EGFR,EP300,VCAN,NRXN1,BCL2L1,MACF1,MYO16,CRK,SIPA1L1,MCL1,LEF1,CTNND1,ERBB3,GRB2,VAV2,NCK1,SRC,FYN,AXIN2,RHOA,AGAP2,TRIM28,MTOR,CHD3,ATXN1
98	18	23	45	PIK3CA,TP53,PIK3R1,CTNNB1,PTEN,MYC,ERBB2,APC,MAX,CDH1,ABL1,PLCG1,BCL9,CCND1,MED12,CCNE1,EGFR,EP300,VCAN,NRXN1,BCL2L1,MACF1,MYO16,CRK,SIPA1L1,MCL1,LEF1,CTNND1,ERBB3,GRB2,VAV2,NCK1,SRC,FYN,AXIN2,RHOA,AGAP2,TRIM28,MTOR,CHD3,ATXN1
99	18	23	45	PIK3CA,TP53,PIK3R1,CTNNB1,PTEN,MYC,ERBB2,APC,MAX,CDH1,ABL1,PLCG1,BCL9,CCND1,MED12,CCNE1,EGFR,EP300,VCAN,NRXN1,BCL2L1,MACF1,MYO16,CRK,SIPA1L1,MCL1,LEF1,CTNND1,ERBB3,GRB2,VAV2,NCK1,SRC,FYN,AXIN2,RHOA,AGAP2,TRIM28,MTOR,CHD3,ATXN1
100	18	23	45	PIK3CA,TP53,PIK3R1,CTNNB1,PTEN,MYC,ERBB2,APC,MAX,CDH1,ABL1,PLCG1,BCL9,CCND1,MED12,CCNE1,EGFR,EP300,VCAN,NRXN1,BCL2L1,MACF1,MYO16,CRK,SIPA1L1,MCL1,LEF1,CTNND1,ERBB3,GRB2,VAV2,NCK1,SRC,FYN,AXIN2,RHOA,AGAP2,TRIM28,MTOR,CHD3,ATXN1
101	18	23	45	PIK3CA,TP53,PIK3R1,CTNNB1,PTEN,MYC,ERBB2,APC,MAX,CDH1,ABL1,PLCG1,BCL9,CCND1,MED12,CCNE1,EGFR,EP300,VCAN,NRXN1,BCL2L1,MACF1,MYO16,CRK,SIPA1L1,MCL1,LEF1,CTNND1,ERBB3,GRB2,VAV2,NCK1,SRC,FYN,AXIN2,RHOA,AGAP2,TRIM28,MTOR,CHD3,ATXN1
102	18	23	45	PIK3CA,TP53,PIK3R1,CTNNB1,PTEN,MYC,ERBB2,APC,MAX,CDH1,ABL1,PLCG1,BCL9,CCND1,MED12,CCNE1,EGFR,EP300,VCAN,NRXN1,BCL2L1,MACF1,MYO16,CRK,SIPA1L1,MCL1,LEF1,CTNND1,ERBB3,GRB2,VAV2,NCK1,SRC,FYN,AXIN2,RHOA,AGAP2,TRIM28,MTOR,CHD3,ATXN1
103	19	24	45	PIK3CA,TP53,PIK3R1,CTNNB1,PTEN,MYC,ERBB2,APC,MAX,CDH1,ABL1,PLCG1,BCL9,CCND1,MED12,CCNE1,EGFR,EP300,PPP2R1A,VCAN,NRXN1,BCL2L1,MACF1,MYO16,CRK,SIPA1L1,MCL1,LEF1,CTNND1,ERBB3,GRB2,VAV2,GABRA3,NCK1,SRC,FYN,AXIN2,RHOA,AGAP2,TRIM28,MTOR,CHD3,ATXN1
104	19	24	45	PIK3CA,TP53,PIK3R1,CTNNB1,PTEN,MYC,ERBB2,APC,MAX,CDH1,ABL1,PLCG1,BCL9,CCND1,MED12,CCNE1,EGFR,EP300,PPP2R1A,VCAN,NRXN1,BCL2L1,MACF1,MYO16,CRK,SIPA1L1,MCL1,LEF1,CTNND1,ERBB3,GRB2,VAV2,GABRA3,NCK1,SRC,FYN,AXIN2,RHOA,AGAP2,TRIM28,MTOR,CHD3,ATXN1
105	20	24	46	PIK3CA,TP53,PIK3R1,CTNNB1,PTEN,MYC,ERBB2,APC,MAX,CDH1,ABL1,PLCG1,BCL9,CCND1,MED12,CCNE1,TRRAP,EGFR,EP300,PPP2R1A,VCAN,NRXN1,BCL2L1,MACF1,MYO16,CRK,SIPA1L1,MCL1,LEF1,CTNND1,ERBB3,GRB2,VAV2,GABRA3,NCK1,SRC,FYN,AXIN2,RHOA,AGAP2,TRIM28,MTOR,CHD3,ATXN1
106	21	24	47	PIK3CA,TP53,PIK3R1,CTNNB1,PTEN,MYC,ERBB2,APC,MAX,CDH1,ABL1,PLCG1,BCL9,CCND1,MED12,CCNE1,TRRAP,EGFR,EP300,PPP2R1A,RAC1,VCAN,NRXN1,BCL2L1,MACF1,MYO16,CRK,SIPA1L1,MCL1,LEF1,CTNND1,ERBB3,GRB2,VAV2,GABRA3,NCK1,SRC,FYN,AXIN2,RHOA,AGAP2,TRIM28,MTOR,CHD3,ATXN1
107	21	24	47	PIK3CA,TP53,PIK3R1,CTNNB1,PTEN,MYC,ERBB2,APC,MAX,CDH1,ABL1,PLCG1,BCL9,CCND1,MED12,CCNE1,TRRAP,EGFR,EP300,PPP2R1A,RAC1,VCAN,NRXN1,BCL2L1,MACF1,MYO16,CRK,SIPA1L1,MCL1,LEF1,CTNND1,ERBB3,GRB2,VAV2,GABRA3,NCK1,SRC,FYN,AXIN2,RHOA,AGAP2,TRIM28,MTOR,CHD3,ATXN1
108	21	24	47	PIK3CA,TP53,PIK3R1,CTNNB1,PTEN,MYC,ERBB2,APC,MAX,CDH1,ABL1,PLCG1,BCL9,CCND1,MED12,CCNE1,TRRAP,EGFR,EP300,PPP2R1A,RAC1,VCAN,NRXN1,BCL2L1,MACF1,MYO16,CRK,SIPA1L1,MCL1,LEF1,CTNND1,ERBB3,GRB2,VAV2,GABRA3,NCK1,SRC,FYN,AXIN2,RHOA,AGAP2,TRIM28,MTOR,CHD3,ATXN1
109	21	24	47	PIK3CA,TP53,PIK3R1,CTNNB1,PTEN,MYC,ERBB2,APC,MAX,CDH1,ABL1,PLCG1,BCL9,CCND1,MED12,CCNE1,TRRAP,EGFR,EP300,PPP2R1A,RAC1,VCAN,NRXN1,BCL2L1,MACF1,MYO16,CRK,SIPA1L1,MCL1,LEF1,CTNND1,ERBB3,GRB2,VAV2,GABRA3,NCK1,SRC,FYN,AXIN2,RHOA,AGAP2,TRIM28,MTOR,CHD3,ATXN1
110	21	24	47	PIK3CA,TP53,PIK3R1,CTNNB1,PTEN,MYC,ERBB2,APC,MAX,CDH1,ABL1,PLCG1,BCL9,CCND1,MED12,CCNE1,TRRAP,EGFR,EP300,PPP2R1A,RAC1,VCAN,NRXN1,BCL2L1,MACF1,MYO16,CRK,SIPA1L1,MCL1,LEF1,CTNND1,ERBB3,GRB2,VAV2,GABRA3,NCK1,SRC,FYN,AXIN2,RHOA,AGAP2,TRIM28,MTOR,CHD3,ATXN1
111	21	24	47	PIK3CA,TP53,PIK3R1,CTNNB1,PTEN,MYC,ERBB2,APC,MAX,CDH1,ABL1,PLCG1,BCL9,CCND1,MED12,CCNE1,TRRAP,EGFR,EP300,PPP2R1A,RAC1,VCAN,NRXN1,BCL2L1,MACF1,MYO16,CRK,SIPA1L1,MCL1,LEF1,CTNND1,ERBB3,GRB2,VAV2,GABRA3,NCK1,SRC,FYN,AXIN2,RHOA,AGAP2,TRIM28,MTOR,CHD3,ATXN1
112	21	24	47	PIK3CA,TP53,PIK3R1,CTNNB1,PTEN,MYC,ERBB2,APC,MAX,CDH1,ABL1,PLCG1,BCL9,CCND1,MED12,CCNE1,TRRAP,EGFR,EP300,PPP2R1A,RAC1,VCAN,NRXN1,BCL2L1,MACF1,MYO16,CRK,SIPA1L1,MCL1,LEF1,CTNND1,ERBB3,GRB2,VAV2,GABRA3,NCK1,SRC,FYN,AXIN2,RHOA,AGAP2,TRIM28,MTOR,CHD3,ATXN1
113	21	24	47	PIK3CA,TP53,PIK3R1,CTNNB1,PTEN,MYC,ERBB2,APC,MAX,CDH1,ABL1,PLCG1,BCL9,CCND1,MED12,CCNE1,TRRAP,EGFR,EP300,PPP2R1A,RAC1,VCAN,NRXN1,BCL2L1,MACF1,MYO16,CRK,SIPA1L1,MCL1,LEF1,CTNND1,ERBB3,GRB2,VAV2,GABRA3,NCK1,SRC,FYN,AXIN2,RHOA,AGAP2,TRIM28,MTOR,CHD3,ATXN1
114	21	24	47	PIK3CA,TP53,PIK3R1,CTNNB1,PTEN,MYC,ERBB2,APC,MAX,CDH1,ABL1,PLCG1,BCL9,CCND1,MED12,CCNE1,TRRAP,EGFR,EP300,PPP2R1A,RAC1,VCAN,NRXN1,BCL2L1,MACF1,MYO16,CRK,SIPA1L1,MCL1,LEF1,CTNND1,ERBB3,GRB2,VAV2,GABRA3,NCK1,SRC,FYN,AXIN2,RHOA,AGAP2,TRIM28,MTOR,CHD3,ATXN1
115	21	25	46	PIK3CA,TP53,PIK3R1,CTNNB1,PTEN,MYC,ERBB2,APC,MAX,CDH1,ABL1,PLCG1,BCL9,CCND1,MED12,CCNE1,TRRAP,EGFR,EP300,PPP2R1A,RAC1,VCAN,NRXN1,BCL2L1,MACF1,MYO16,CRK,SIPA1L1,MCL1,LEF1,CTNND1,ERBB3,GRB2,VAV2,GABRA3,NCK1,PDZD2,SRC,FYN,AXIN2,RHOA,AGAP2,TRIM28,MTOR,CHD3,ATXN1
116	21	25	46	PIK3CA,TP53,PIK3R1,CTNNB1,PTEN,MYC,ERBB2,APC,MAX,CDH1,ABL1,PLCG1,BCL9,CCND1,MED12,CCNE1,TRRAP,EGFR,EP300,PPP2R1A,RAC1,VCAN,NRXN1,BCL2L1,MACF1,MYO16,CRK,SIPA1L1,MCL1,LEF1,CTNND1,ERBB3,GRB2,VAV2,GABRA3,NCK1,PDZD2,SRC,FYN,AXIN2,RHOA,AGAP2,TRIM28,MTOR,CHD3,ATXN1
117	21	26	45	PIK3CA,TP53,PIK3R1,CTNNB1,PTEN,MYC,ERBB2,APC,MAX,CDH1,ABL1,PLCG1,BCL9,CCND1,MED12,CCNE1,TRRAP,EGFR,EP300,PPP2R1A,RAC1,VCAN,NRXN1,BCL2L1,MACF1,MYO16,CRK,SIPA1L1,MCL1,LEF1,CTNND1,ERBB3,GRB2,VAV2,GABRA3,NCK1,PDZD2,SRC,FYN,AXIN2,RHOA,TNIK,AGAP2,TRIM28,MTOR,CHD3,ATXN1
118	21	27	44	PIK3CA,TP53,PIK3R1,CTNNB1,PTEN,MYC,ERBB2,APC,MAX,CDH1,ABL1,PLCG1,BCL9,CCND1,MED12,CCNE1,TRRAP,EGFR,EP300,PPP2R1A,RAC1,VCAN,NRXN1,BCL2L1,MACF1,MYO16,CRK,SIPA1L1,MCL1,LEF1,CTNND1,ERBB3,GRB2,VAV2,GABRA3,NCK1,PDZD2,SRC,FYN,AXIN2,RHOA,TNIK,AGAP2,TRIM28,MTOR,CHD3,ATXN1,SMAD9
119	21	27	44	PIK3CA,TP53,PIK3R1,CTNNB1,PTEN,MYC,ERBB2,APC,MAX,CDH1,ABL1,PLCG1,BCL9,CCND1,MED12,CCNE1,TRRAP,EGFR,EP300,PPP2R1A,RAC1,VCAN,NRXN1,BCL2L1,MACF1,MYO16,CRK,SIPA1L1,MCL1,LEF1,CTNND1,ERBB3,GRB2,VAV2,GABRA3,NCK1,PDZD2,SRC,FYN,AXIN2,RHOA,TNIK,AGAP2,TRIM28,MTOR,CHD3,ATXN1,SMAD9
120	21	27	44	PIK3CA,TP53,PIK3R1,CTNNB1,PTEN,MYC,ERBB2,APC,MAX,CDH1,ABL1,PLCG1,BCL9,CCND1,MED12,CCNE1,TRRAP,EGFR,EP300,PPP2R1A,RAC1,VCAN,NRXN1,BCL2L1,MACF1,MYO16,CRK,SIPA1L1,MCL1,LEF1,CTNND1,ERBB3,GRB2,VAV2,GABRA3,NCK1,PDZD2,SRC,FYN,AXIN2,RHOA,TNIK,AGAP2,TRIM28,MTOR,CHD3,ATXN1,SMAD9
121	21	27	44	PIK3CA,TP53,PIK3R1,CTNNB1,PTEN,MYC,ERBB2,APC,MAX,CDH1,ABL1,PLCG1,BCL9,CCND1,MED12,CCNE1,TRRAP,EGFR,EP300,PPP2R1A,RAC1,VCAN,NRXN1,BCL2L1,MACF1,MYO16,CRK,SIPA1L1,MCL1,LEF1,CTNND1,ERBB3,GRB2,VAV2,GABRA3,NCK1,PDZD2,SRC,FYN,AXIN2,RHOA,TNIK,AGAP2,TRIM28,MTOR,CHD3,ATXN1,SMAD9
122	21	27	44	PIK3CA,TP53,PIK3R1,CTNNB1,PTEN,MYC,ERBB2,APC,MAX,CDH1,ABL1,PLCG1,BCL9,CCND1,MED12,CCNE1,TRRAP,EGFR,EP300,PPP2R1A,RAC1,VCAN,NRXN1,BCL2L1,MACF1,MYO16,CRK,SIPA1L1,MCL1,LEF1,CTNND1,ERBB3,GRB2,VAV2,GABRA3,NCK1,PDZD2,SRC,FYN,AXIN2,RHOA,TNIK,AGAP2,TRIM28,MTOR,CHD3,ATXN1,SMAD9
123	21	28	44	PIK3CA,TP53,PIK3R1,CTNNB1,PTEN,MYC,ERBB2,APC,MAX,CDH1,ABL1,PLCG1,BCL9,CCND1,MED12,CCNE1,TRRAP,EGFR,EP300,PPP2R1A,RAC1,VCAN,NRXN1,BCL2L1,MACF1,MYO16,CRK,SIPA1L1,MCL1,LEF1,CTNND1,ERBB3,GRB2,VAV2,GABRA3,NCK1,PDZD2,SRC,FYN,AXIN2,RHOA,TNIK,AGAP2,TRIM28,MTOR,CHD3,ATXN1,CDC42,SMAD9
124	21	28	44	PIK3CA,TP53,PIK3R1,CTNNB1,PTEN,MYC,ERBB2,APC,MAX,CDH1,ABL1,PLCG1,BCL9,CCND1,MED12,CCNE1,TRRAP,EGFR,EP300,PPP2R1A,RAC1,VCAN,NRXN1,BCL2L1,MACF1,MYO16,CRK,SIPA1L1,MCL1,LEF1,CTNND1,ERBB3,GRB2,VAV2,GABRA3,NCK1,PDZD2,SRC,FYN,AXIN2,RHOA,TNIK,AGAP2,TRIM28,MTOR,CHD3,ATXN1,CDC42,SMAD9
125	21	28	44	PIK3CA,TP53,PIK3R1,CTNNB1,PTEN,MYC,ERBB2,APC,MAX,CDH1,ABL1,PLCG1,BCL9,CCND1,MED12,CCNE1,TRRAP,EGFR,EP300,PPP2R1A,RAC1,VCAN,NRXN1,BCL2L1,MACF1,MYO16,CRK,SIPA1L1,MCL1,LEF1,CTNND1,ERBB3,GRB2,VAV2,GABRA3,NCK1,PDZD2,SRC,FYN,AXIN2,RHOA,TNIK,AGAP2,TRIM28,MTOR,CHD3,ATXN1,CDC42,SMAD9
126	21	28	44	PIK3CA,TP53,PIK3R1,CTNNB1,PTEN,MYC,ERBB2,APC,MAX,CDH1,ABL1,PLCG1,BCL9,CCND1,MED12,CCNE1,TRRAP,EGFR,EP300,PPP2R1A,RAC1,VCAN,NRXN1,BCL2L1,MACF1,MYO16,CRK,SIPA1L1,MCL1,LEF1,CTNND1,ERBB3,GRB2,VAV2,GABRA3,NCK1,PDZD2,SRC,FYN,AXIN2,RHOA,TNIK,AGAP2,TRIM28,MTOR,CHD3,ATXN1,CDC42,SMAD9
127	22	28	45	PIK3CA,TP53,PIK3R1,CTNNB1,PTEN,MYC,ERBB2,APC,MAX,CDH1,ABL1,PLCG1,BCL9,CCND1,MED12,CCNE1,TRRAP,EGFR,EP300,TCF7L2,PPP2R1A,RAC1,VCAN,NRXN1,BCL2L1,MACF1,MYO16,CRK,SIPA1L1,MCL1,LEF1,CTNND1,ERBB3,GRB2,VAV2,GABRA3,NCK1,PDZD2,SRC,FYN,AXIN2,RHOA,TNIK,AGAP2,TRIM28,MTOR,CHD3,ATXN1,CDC42,SMAD9
128	22	28	45	PIK3CA,TP53,PIK3R1,CTNNB1,PTEN,MYC,ERBB2,APC,MAX,CDH1,ABL1,PLCG1,BCL9,CCND1,MED12,CCNE1,TRRAP,EGFR,EP300,TCF7L2,PPP2R1A,RAC1,VCAN,NRXN1,BCL2L1,MACF1,MYO16,CRK,SIPA1L1,MCL1,LEF1,CTNND1,ERBB3,GRB2,VAV2,GABRA3,NCK1,PDZD2,SRC,FYN,AXIN2,RHOA,TNIK,AGAP2,TRIM28,MTOR,CHD3,ATXN1,CDC42,SMAD9
129	22	28	45	PIK3CA,TP53,PIK3R1,CTNNB1,PTEN,MYC,ERBB2,APC,MAX,CDH1,ABL1,PLCG1,BCL9,CCND1,MED12,CCNE1,TRRAP,EGFR,EP300,TCF7L2,PPP2R1A,RAC1,VCAN,NRXN1,BCL2L1,MACF1,MYO16,CRK,SIPA1L1,MCL1,LEF1,CTNND1,ERBB3,GRB2,VAV2,GABRA3,NCK1,PDZD2,SRC,FYN,AXIN2,RHOA,TNIK,AGAP2,TRIM28,MTOR,CHD3,ATXN1,CDC42,SMAD9
130	22	28	45	PIK3CA,TP53,PIK3R1,CTNNB1,PTEN,MYC,ERBB2,APC,MAX,CDH1,ABL1,PLCG1,BCL9,CCND1,MED12,CCNE1,TRRAP,EGFR,EP300,TCF7L2,PPP2R1A,RAC1,VCAN,NRXN1,BCL2L1,MACF1,MYO16,CRK,SIPA1L1,MCL1,LEF1,CTNND1,ERBB3,GRB2,VAV2,GABRA3,NCK1,PDZD2,SRC,FYN,AXIN2,RHOA,TNIK,AGAP2,TRIM28,MTOR,CHD3,ATXN1,CDC42,SMAD9
131	22	28	45	PIK3CA,TP53,PIK3R1,CTNNB1,PTEN,MYC,ERBB2,APC,MAX,CDH1,ABL1,PLCG1,BCL9,CCND1,MED12,CCNE1,TRRAP,EGFR,EP300,TCF7L2,PPP2R1A,RAC1,VCAN,NRXN1,BCL2L1,MACF1,MYO16,CRK,SIPA1L1,MCL1,LEF1,CTNND1,ERBB3,GRB2,VAV2,GABRA3,NCK1,PDZD2,SRC,FYN,AXIN2,RHOA,TNIK,AGAP2,TRIM28,MTOR,CHD3,ATXN1,CDC42,SMAD9
132	22	28	45	PIK3CA,TP53,PIK3R1,CTNNB1,PTEN,MYC,ERBB2,APC,MAX,CDH1,ABL1,PLCG1,BCL9,CCND1,MED12,CCNE1,TRRAP,EGFR,EP300,TCF7L2,PPP2R1A,RAC1,VCAN,NRXN1,BCL2L1,MACF1,MYO16,CRK,SIPA1L1,MCL1,LEF1,CTNND1,ERBB3,GRB2,VAV2,GABRA3,NCK1,PDZD2,SRC,FYN,AXIN2,RHOA,TNIK,AGAP2,TRIM28,MTOR,CHD3,ATXN1,CDC42,SMAD9
133	22	28	45	PIK3CA,TP53,PIK3R1,CTNNB1,PTEN,MYC,ERBB2,APC,MAX,CDH1,ABL1,PLCG1,BCL9,CCND1,MED12,CCNE1,TRRAP,EGFR,EP300,TCF7L2,PPP2R1A,RAC1,VCAN,NRXN1,BCL2L1,MACF1,MYO16,CRK,SIPA1L1,MCL1,LEF1,CTNND1,ERBB3,GRB2,VAV2,GABRA3,NCK1,PDZD2,SRC,FYN,AXIN2,RHOA,TNIK,AGAP2,TRIM28,MTOR,CHD3,ATXN1,CDC42,SMAD9
134	22	28	45	PIK3CA,TP53,PIK3R1,CTNNB1,PTEN,MYC,ERBB2,APC,MAX,CDH1,ABL1,PLCG1,BCL9,CCND1,MED12,CCNE1,TRRAP,EGFR,EP300,TCF7L2,PPP2R1A,RAC1,VCAN,NRXN1,BCL2L1,MACF1,MYO16,CRK,SIPA1L1,MCL1,LEF1,CTNND1,ERBB3,GRB2,VAV2,GABRA3,NCK1,PDZD2,SRC,FYN,AXIN2,RHOA,TNIK,AGAP2,TRIM28,MTOR,CHD3,ATXN1,CDC42,SMAD9
135	23	28	46	PIK3CA,TP53,PIK3R1,CTNNB1,PTEN,MYC,ERBB2,APC,MAX,CDH1,ABL1,PLCG1,BCL9,CCND1,MED12,CCNE1,TRRAP,EGFR,EP300,TCF7L2,PPP2R1A,RAC1,FGFR3,VCAN,NRXN1,BCL2L1,MACF1,MYO16,CRK,SIPA1L1,MCL1,LEF1,CTNND1,ERBB3,GRB2,VAV2,GABRA3,NCK1,PDZD2,SRC,FYN,AXIN2,RHOA,TNIK,AGAP2,TRIM28,MTOR,CHD3,ATXN1,CDC42,SMAD9
136	23	28	46	PIK3CA,TP53,PIK3R1,CTNNB1,PTEN,MYC,ERBB2,APC,MAX,CDH1,ABL1,PLCG1,BCL9,CCND1,MED12,CCNE1,TRRAP,EGFR,EP300,TCF7L2,PPP2R1A,RAC1,FGFR3,VCAN,NRXN1,BCL2L1,MACF1,MYO16,CRK,SIPA1L1,MCL1,LEF1,CTNND1,ERBB3,GRB2,VAV2,GABRA3,NCK1,PDZD2,SRC,FYN,AXIN2,RHOA,TNIK,AGAP2,TRIM28,MTOR,CHD3,ATXN1,CDC42,SMAD9
137	23	28	46	PIK3CA,TP53,PIK3R1,CTNNB1,PTEN,MYC,ERBB2,APC,MAX,CDH1,ABL1,PLCG1,BCL9,CCND1,MED12,CCNE1,TRRAP,EGFR,EP300,TCF7L2,PPP2R1A,RAC1,FGFR3,VCAN,NRXN1,BCL2L1,MACF1,MYO16,CRK,SIPA1L1,MCL1,LEF1,CTNND1,ERBB3,GRB2,VAV2,GABRA3,NCK1,PDZD2,SRC,FYN,AXIN2,RHOA,TNIK,AGAP2,TRIM28,MTOR,CHD3,ATXN1,CDC42,SMAD9
138	23	28	46	PIK3CA,TP53,PIK3R1,CTNNB1,PTEN,MYC,ERBB2,APC,MAX,CDH1,ABL1,PLCG1,BCL9,CCND1,MED12,CCNE1,TRRAP,EGFR,EP300,TCF7L2,PPP2R1A,RAC1,FGFR3,VCAN,NRXN1,BCL2L1,MACF1,MYO16,CRK,SIPA1L1,MCL1,LEF1,CTNND1,ERBB3,GRB2,VAV2,GABRA3,NCK1,PDZD2,SRC,FYN,AXIN2,RHOA,TNIK,AGAP2,TRIM28,MTOR,CHD3,ATXN1,CDC42,SMAD9
139	24	28	47	PIK3CA,TP53,PIK3R1,CTNNB1,PTEN,MYC,ERBB2,APC,MAX,CDH1,PDGFRB,ABL1,PLCG1,BCL9,CCND1,MED12,CCNE1,TRRAP,EGFR,EP300,TCF7L2,PPP2R1A,RAC1,FGFR3,VCAN,NRXN1,BCL2L1,MACF1,MYO16,CRK,SIPA1L1,MCL1,LEF1,CTNND1,ERBB3,GRB2,VAV2,GABRA3,NCK1,PDZD2,SRC,FYN,AXIN2,RHOA,TNIK,AGAP2,TRIM28,MTOR,CHD3,ATXN1,CDC42,SMAD9
140	24	28	47	PIK3CA,TP53,PIK3R1,CTNNB1,PTEN,MYC,ERBB2,APC,MAX,CDH1,PDGFRB,ABL1,PLCG1,BCL9,CCND1,MED12,CCNE1,TRRAP,EGFR,EP300,TCF7L2,PPP2R1A,RAC1,FGFR3,VCAN,NRXN1,BCL2L1,MACF1,MYO16,CRK,SIPA1L1,MCL1,LEF1,CTNND1,ERBB3,GRB2,VAV2,GABRA3,NCK1,PDZD2,SRC,FYN,AXIN2,RHOA,TNIK,AGAP2,TRIM28,MTOR,CHD3,ATXN1,CDC42,SMAD9
141	24	28	47	PIK3CA,TP53,PIK3R1,CTNNB1,PTEN,MYC,ERBB2,APC,MAX,CDH1,PDGFRB,ABL1,PLCG1,BCL9,CCND1,MED12,CCNE1,TRRAP,EGFR,EP300,TCF7L2,PPP2R1A,RAC1,FGFR3,VCAN,NRXN1,BCL2L1,MACF1,MYO16,CRK,SIPA1L1,MCL1,LEF1,CTNND1,ERBB3,GRB2,VAV2,GABRA3,NCK1,PDZD2,SRC,FYN,AXIN2,RHOA,TNIK,AGAP2,TRIM28,MTOR,CHD3,ATXN1,CDC42,SMAD9
142	24	28	47	PIK3CA,TP53,PIK3R1,CTNNB1,PTEN,MYC,ERBB2,APC,MAX,CDH1,PDGFRB,ABL1,PLCG1,BCL9,CCND1,MED12,CCNE1,TRRAP,EGFR,EP300,TCF7L2,PPP2R1A,RAC1,FGFR3,VCAN,NRXN1,BCL2L1,MACF1,MYO16,CRK,SIPA1L1,MCL1,LEF1,CTNND1,ERBB3,GRB2,VAV2,GABRA3,NCK1,PDZD2,SRC,FYN,AXIN2,RHOA,TNIK,AGAP2,TRIM28,MTOR,CHD3,ATXN1,CDC42,SMAD9
143	24	28	47	PIK3CA,TP53,PIK3R1,CTNNB1,PTEN,MYC,ERBB2,APC,MAX,CDH1,PDGFRB,ABL1,PLCG1,BCL9,CCND1,MED12,CCNE1,TRRAP,EGFR,EP300,TCF7L2,PPP2R1A,RAC1,FGFR3,VCAN,NRXN1,BCL2L1,MACF1,MYO16,CRK,SIPA1L1,MCL1,LEF1,CTNND1,ERBB3,GRB2,VAV2,GABRA3,NCK1,PDZD2,SRC,FYN,AXIN2,RHOA,TNIK,AGAP2,TRIM28,MTOR,CHD3,ATXN1,CDC42,SMAD9
144	24	29	46	PIK3CA,TP53,PIK3R1,CTNNB1,PTEN,MYC,ERBB2,APC,MAX,CDH1,PDGFRB,ABL1,PLCG1,BCL9,CCND1,MED12,CCNE1,TRRAP,EGFR,EP300,TCF7L2,PPP2R1A,RAC1,FGFR3,VCAN,NRXN1,BCL2L1,MACF1,MYO16,CRK,SIPA1L1,MCL1,LEF1,CTNND1,ERBB3,GRB2,VAV2,GABRA3,NCK1,PDZD2,SRC,FYN,AXIN2,RHOA,TNIK,AGAP2,TRIM28,MTOR,CHD3,ATXN1,CDC42,TTN,SMAD9
145	24	29	46	PIK3CA,TP53,PIK3R1,CTNNB1,PTEN,MYC,ERBB2,APC,MAX,CDH1,PDGFRB,ABL1,PLCG1,BCL9,CCND1,MED12,CCNE1,TRRAP,EGFR,EP300,TCF7L2,PPP2R1A,RAC1,FGFR3,VCAN,NRXN1,BCL2L1,MACF1,MYO16,CRK,SIPA1L1,MCL1,LEF1,CTNND1,ERBB3,GRB2,VAV2,GABRA3,NCK1,PDZD2,SRC,FYN,AXIN2,RHOA,TNIK,AGAP2,TRIM28,MTOR,CHD3,ATXN1,CDC42,TTN,SMAD9
146	24	29	46	PIK3CA,TP53,PIK3R1,CTNNB1,PTEN,MYC,ERBB2,APC,MAX,CDH1,PDGFRB,ABL1,PLCG1,BCL9,CCND1,MED12,CCNE1,TRRAP,EGFR,EP300,TCF7L2,PPP2R1A,RAC1,FGFR3,VCAN,NRXN1,BCL2L1,MACF1,MYO16,CRK,SIPA1L1,MCL1,LEF1,CTNND1,ERBB3,GRB2,VAV2,GABRA3,NCK1,PDZD2,SRC,FYN,AXIN2,RHOA,TNIK,AGAP2,TRIM28,MTOR,CHD3,ATXN1,CDC42,TTN,SMAD9
147	25	29	47	PIK3CA,TP53,PIK3R1,CTNNB1,PTEN,MYC,ERBB2,APC,MAX,CDH1,PDGFRB,ABL1,PLCG1,BCL9,CCND1,MED12,CCNE1,TRRAP,EGFR,EP300,TCF7L2,PPP2R1A,RAC1,AKT1,FGFR3,VCAN,NRXN1,BCL2L1,MACF1,MYO16,CRK,SIPA1L1,MCL1,LEF1,CTNND1,ERBB3,GRB2,VAV2,GABRA3,NCK1,PDZD2,SRC,FYN,AXIN2,RHOA,TNIK,AGAP2,TRIM28,MTOR,CHD3,ATXN1,CDC42,TTN,SMAD9
148	25	29	47	PIK3CA,TP53,PIK3R1,CTNNB1,PTEN,MYC,ERBB2,APC,MAX,CDH1,PDGFRB,ABL1,PLCG1,BCL9,CCND1,MED12,CCNE1,TRRAP,EGFR,EP300,TCF7L2,PPP2R1A,RAC1,AKT1,FGFR3,VCAN,NRXN1,BCL2L1,MACF1,MYO16,CRK,SIPA1L1,MCL1,LEF1,CTNND1,ERBB3,GRB2,VAV2,GABRA3,NCK1,PDZD2,SRC,FYN,AXIN2,RHOA,TNIK,AGAP2,TRIM28,MTOR,CHD3,ATXN1,CDC42,TTN,SMAD9
149	25	30	46	PIK3CA,TP53,PIK3R1,CTNNB1,PTEN,MYC,ERBB2,APC,MAX,CDH1,PDGFRB,ABL1,PLCG1,BCL9,CCND1,MED12,CCNE1,TRRAP,EGFR,EP300,TCF7L2,PPP2R1A,RAC1,AKT1,FGFR3,VCAN,NRXN1,BCL2L1,MACF1,MYO16,CRK,SIPA1L1,MCL1,LEF1,CTNND1,ERBB3,GRB2,VAV2,GABRA3,NCK1,PDZD2,SRC,FYN,AXIN2,RHOA,TNIK,AGAP2,TRIM28,MTOR,CHD3,SUPT6H,ATXN1,CDC42,TTN,SMAD9
150	25	30	46	PIK3CA,TP53,PIK3R1,CTNNB1,PTEN,MYC,ERBB2,APC,MAX,CDH1,PDGFRB,ABL1,PLCG1,BCL9,CCND1,MED12,CCNE1,TRRAP,EGFR,EP300,TCF7L2,PPP2R1A,RAC1,AKT1,FGFR3,VCAN,NRXN1,BCL2L1,MACF1,MYO16,CRK,SIPA1L1,MCL1,LEF1,CTNND1,ERBB3,GRB2,VAV2,GABRA3,NCK1,PDZD2,SRC,FYN,AXIN2,RHOA,TNIK,AGAP2,TRIM28,MTOR,CHD3,SUPT6H,ATXN1,CDC42,TTN,SMAD9
151	25	30	46	PIK3CA,TP53,PIK3R1,CTNNB1,PTEN,MYC,ERBB2,APC,MAX,CDH1,PDGFRB,ABL1,PLCG1,BCL9,CCND1,MED12,CCNE1,TRRAP,EGFR,EP300,TCF7L2,PPP2R1A,RAC1,AKT1,FGFR3,VCAN,NRXN1,BCL2L1,MACF1,MYO16,CRK,SIPA1L1,MCL1,LEF1,CTNND1,ERBB3,GRB2,VAV2,GABRA3,NCK1,PDZD2,SRC,FYN,AXIN2,RHOA,TNIK,AGAP2,TRIM28,MTOR,CHD3,SUPT6H,ATXN1,CDC42,TTN,SMAD9
152	25	31	45	PIK3CA,TP53,PIK3R1,CTNNB1,PTEN,MYC,ERBB2,APC,MAX,CDH1,PDGFRB,ABL1,PLCG1,BCL9,CCND1,MED12,CCNE1,TRRAP,EGFR,EP300,TCF7L2,PPP2R1A,RAC1,AKT1,FGFR3,VCAN,NRXN1,BCL2L1,MACF1,MYO16,CRK,SIPA1L1,MCL1,LEF1,CTNND1,ERBB3,GRB2,VAV2,GABRA3,NCK1,PDZD2,SRC,FYN,AXIN2,RHOA,TNIK,AGAP2,TRIM28,MTOR,CHD3,SUPT6H,ATXN1,CDC42,CHD4,TTN,SMAD9
153	25	31	45	PIK3CA,TP53,PIK3R1,CTNNB1,PTEN,MYC,ERBB2,APC,MAX,CDH1,PDGFRB,ABL1,PLCG1,BCL9,CCND1,MED12,CCNE1,TRRAP,EGFR,EP300,TCF7L2,PPP2R1A,RAC1,AKT1,FGFR3,VCAN,NRXN1,BCL2L1,MACF1,MYO16,CRK,SIPA1L1,MCL1,LEF1,CTNND1,ERBB3,GRB2,VAV2,GABRA3,NCK1,PDZD2,SRC,FYN,AXIN2,RHOA,TNIK,AGAP2,TRIM28,MTOR,CHD3,SUPT6H,ATXN1,CDC42,CHD4,TTN,SMAD9
154	25	31	45	PIK3CA,TP53,PIK3R1,CTNNB1,PTEN,MYC,ERBB2,APC,MAX,CDH1,PDGFRB,ABL1,PLCG1,BCL9,CCND1,MED12,CCNE1,TRRAP,EGFR,EP300,TCF7L2,PPP2R1A,RAC1,AKT1,FGFR3,VCAN,NRXN1,BCL2L1,MACF1,MYO16,CRK,SIPA1L1,MCL1,LEF1,CTNND1,ERBB3,GRB2,VAV2,GABRA3,NCK1,PDZD2,SRC,FYN,AXIN2,RHOA,TNIK,AGAP2,TRIM28,MTOR,CHD3,SUPT6H,ATXN1,CDC42,CHD4,TTN,SMAD9
155	25	31	45	PIK3CA,TP53,PIK3R1,CTNNB1,PTEN,MYC,ERBB2,APC,MAX,CDH1,PDGFRB,ABL1,PLCG1,BCL9,CCND1,MED12,CCNE1,TRRAP,EGFR,EP300,TCF7L2,PPP2R1A,RAC1,AKT1,FGFR3,VCAN,NRXN1,BCL2L1,MACF1,MYO16,CRK,SIPA1L1,MCL1,LEF1,CTNND1,ERBB3,GRB2,VAV2,GABRA3,NCK1,PDZD2,SRC,FYN,AXIN2,RHOA,TNIK,AGAP2,TRIM28,MTOR,CHD3,SUPT6H,ATXN1,CDC42,CHD4,TTN,SMAD9
156	25	31	45	PIK3CA,TP53,PIK3R1,CTNNB1,PTEN,MYC,ERBB2,APC,MAX,CDH1,PDGFRB,ABL1,PLCG1,BCL9,CCND1,MED12,CCNE1,TRRAP,EGFR,EP300,TCF7L2,PPP2R1A,RAC1,AKT1,FGFR3,VCAN,NRXN1,BCL2L1,MACF1,MYO16,CRK,SIPA1L1,MCL1,LEF1,CTNND1,ERBB3,GRB2,VAV2,GABRA3,NCK1,PDZD2,SRC,FYN,AXIN2,RHOA,TNIK,AGAP2,TRIM28,MTOR,CHD3,SUPT6H,ATXN1,CDC42,CHD4,TTN,SMAD9
157	25	31	45	PIK3CA,TP53,PIK3R1,CTNNB1,PTEN,MYC,ERBB2,APC,MAX,CDH1,PDGFRB,ABL1,PLCG1,BCL9,CCND1,MED12,CCNE1,TRRAP,EGFR,EP300,TCF7L2,PPP2R1A,RAC1,AKT1,FGFR3,VCAN,NRXN1,BCL2L1,MACF1,MYO16,CRK,SIPA1L1,MCL1,LEF1,CTNND1,ERBB3,GRB2,VAV2,GABRA3,NCK1,PDZD2,SRC,FYN,AXIN2,RHOA,TNIK,AGAP2,TRIM28,MTOR,CHD3,SUPT6H,ATXN1,CDC42,CHD4,TTN,SMAD9
158	25	31	45	PIK3CA,TP53,PIK3R1,CTNNB1,PTEN,MYC,ERBB2,APC,MAX,CDH1,PDGFRB,ABL1,PLCG1,BCL9,CCND1,MED12,CCNE1,TRRAP,EGFR,EP300,TCF7L2,PPP2R1A,RAC1,AKT1,FGFR3,VCAN,NRXN1,BCL2L1,MACF1,MYO16,CRK,SIPA1L1,MCL1,LEF1,CTNND1,ERBB3,GRB2,VAV2,GABRA3,NCK1,PDZD2,SRC,FYN,AXIN2,RHOA,TNIK,AGAP2,TRIM28,MTOR,CHD3,SUPT6H,ATXN1,CDC42,CHD4,TTN,SMAD9
159	25	34	43	PIK3CA,TP53,PIK3R1,CTNNB1,PTEN,MYC,ERBB2,APC,MAX,CDH1,PDGFRB,ABL1,PLCG1,BCL9,CCND1,MED12,CCNE1,TRRAP,EGFR,EP300,TCF7L2,PPP2R1A,RAC1,AKT1,FGFR3,VCAN,NRXN1,BCL2L1,MACF1,MYO16,CRK,SIPA1L1,MCL1,LEF1,CTNND1,ERBB3,GRB2,VAV2,GABRA3,NCK1,PDZD2,SRC,FYN,AXIN2,RHOA,TNIK,AGAP2,TRIM28,MTOR,CHD3,GCN1L1,SUPT6H,ATXN1,CDC42,CHD4,TTN,PTPN12,SMAD9,ESR2
160	25	34	43	PIK3CA,TP53,PIK3R1,CTNNB1,PTEN,MYC,ERBB2,APC,MAX,CDH1,PDGFRB,ABL1,PLCG1,BCL9,CCND1,MED12,CCNE1,TRRAP,EGFR,EP300,TCF7L2,PPP2R1A,RAC1,AKT1,FGFR3,VCAN,NRXN1,BCL2L1,MACF1,MYO16,CRK,SIPA1L1,MCL1,LEF1,CTNND1,ERBB3,GRB2,VAV2,GABRA3,NCK1,PDZD2,SRC,FYN,AXIN2,RHOA,TNIK,AGAP2,TRIM28,MTOR,CHD3,GCN1L1,SUPT6H,ATXN1,CDC42,CHD4,TTN,PTPN12,SMAD9,ESR2
161	25	34	43	PIK3CA,TP53,PIK3R1,CTNNB1,PTEN,MYC,ERBB2,APC,MAX,CDH1,PDGFRB,ABL1,PLCG1,BCL9,CCND1,MED12,CCNE1,TRRAP,EGFR,EP300,TCF7L2,PPP2R1A,RAC1,AKT1,FGFR3,VCAN,NRXN1,BCL2L1,MACF1,MYO16,CRK,SIPA1L1,MCL1,LEF1,CTNND1,ERBB3,GRB2,VAV2,GABRA3,NCK1,PDZD2,SRC,FYN,AXIN2,RHOA,TNIK,AGAP2,TRIM28,MTOR,CHD3,GCN1L1,SUPT6H,ATXN1,CDC42,CHD4,TTN,PTPN12,SMAD9,ESR2
162	25	34	43	PIK3CA,TP53,PIK3R1,CTNNB1,PTEN,MYC,ERBB2,APC,MAX,CDH1,PDGFRB,ABL1,PLCG1,BCL9,CCND1,MED12,CCNE1,TRRAP,EGFR,EP300,TCF7L2,PPP2R1A,RAC1,AKT1,FGFR3,VCAN,NRXN1,BCL2L1,MACF1,MYO16,CRK,SIPA1L1,MCL1,LEF1,CTNND1,ERBB3,GRB2,VAV2,GABRA3,NCK1,PDZD2,SRC,FYN,AXIN2,RHOA,TNIK,AGAP2,TRIM28,MTOR,CHD3,GCN1L1,SUPT6H,ATXN1,CDC42,CHD4,TTN,PTPN12,SMAD9,ESR2
163	25	34	43	PIK3CA,TP53,PIK3R1,CTNNB1,PTEN,MYC,ERBB2,APC,MAX,CDH1,PDGFRB,ABL1,PLCG1,BCL9,CCND1,MED12,CCNE1,TRRAP,EGFR,EP300,TCF7L2,PPP2R1A,RAC1,AKT1,FGFR3,VCAN,NRXN1,BCL2L1,MACF1,MYO16,CRK,SIPA1L1,MCL1,LEF1,CTNND1,ERBB3,GRB2,VAV2,GABRA3,NCK1,PDZD2,SRC,FYN,AXIN2,RHOA,TNIK,AGAP2,TRIM28,MTOR,CHD3,GCN1L1,SUPT6H,ATXN1,CDC42,CHD4,TTN,PTPN12,SMAD9,ESR2
164	25	34	43	PIK3CA,TP53,PIK3R1,CTNNB1,PTEN,MYC,ERBB2,APC,MAX,CDH1,PDGFRB,ABL1,PLCG1,BCL9,CCND1,MED12,CCNE1,TRRAP,EGFR,EP300,TCF7L2,PPP2R1A,RAC1,AKT1,FGFR3,VCAN,NRXN1,BCL2L1,MACF1,MYO16,CRK,SIPA1L1,MCL1,LEF1,CTNND1,ERBB3,GRB2,VAV2,GABRA3,NCK1,PDZD2,SRC,FYN,AXIN2,RHOA,TNIK,AGAP2,TRIM28,MTOR,CHD3,GCN1L1,SUPT6H,ATXN1,CDC42,CHD4,TTN,PTPN12,SMAD9,ESR2
165	25	34	43	PIK3CA,TP53,PIK3R1,CTNNB1,PTEN,MYC,ERBB2,APC,MAX,CDH1,PDGFRB,ABL1,PLCG1,BCL9,CCND1,MED12,CCNE1,TRRAP,EGFR,EP300,TCF7L2,PPP2R1A,RAC1,AKT1,FGFR3,VCAN,NRXN1,BCL2L1,MACF1,MYO16,CRK,SIPA1L1,MCL1,LEF1,CTNND1,ERBB3,GRB2,VAV2,GABRA3,NCK1,PDZD2,SRC,FYN,AXIN2,RHOA,TNIK,AGAP2,TRIM28,MTOR,CHD3,GCN1L1,SUPT6H,ATXN1,CDC42,CHD4,TTN,PTPN12,SMAD9,ESR2
166	25	36	41	PIK3CA,TP53,PIK3R1,CTNNB1,PTEN,MYC,ERBB2,APC,MAX,CDH1,PDGFRB,ABL1,PLCG1,BCL9,CCND1,MED12,CCNE1,TRRAP,EGFR,EP300,TCF7L2,PPP2R1A,RAC1,AKT1,FGFR3,VCAN,NRXN1,BCL2L1,MACF1,MYO16,CRK,SIPA1L1,MCL1,LEF1,CTNND1,ERBB3,GRB2,VAV2,GABRA3,NCK1,PDZD2,SRC,FYN,AXIN2,RHOA,TNIK,AGAP2,TRIM28,MTOR,CHD3,GCN1L1,SUPT6H,ATXN1,CDC42,CHD4,FLNA,TTN,PTPN12,SMAD9,ESR2,SMAD2
167	25	37	41	PIK3CA,TP53,PIK3R1,CTNNB1,PTEN,MYC,ERBB2,APC,MAX,CDH1,PDGFRB,ABL1,PLCG1,BCL9,CCND1,MED12,CCNE1,TRRAP,EGFR,EP300,TCF7L2,PPP2R1A,RAC1,AKT1,FGFR3,VCAN,NRXN1,BCL2L1,MACF1,MYO16,CRK,SIPA1L1,MCL1,LEF1,CTNND1,ERBB3,GRB2,VAV2,GABRA3,NCK1,PDZD2,SRC,FYN,AXIN2,RHOA,TNIK,AGAP2,TRIM28,MTOR,CHD3,GCN1L1,SUPT6H,ATXN1,CDC42,CHD4,FLNA,TTN,PTPN12,SMAD9,ZNF512B,ESR2,SMAD2
168	25	38	40	PIK3CA,TP53,PIK3R1,CTNNB1,PTEN,MYC,ERBB2,APC,MAX,CDH1,PDGFRB,ABL1,PLCG1,BCL9,CCND1,MED12,CCNE1,TRRAP,EGFR,EP300,TCF7L2,PPP2R1A,RAC1,AKT1,FGFR3,VCAN,NRXN1,BCL2L1,MACF1,MYO16,CRK,SIPA1L1,MCL1,LEF1,CTNND1,ERBB3,GRB2,VAV2,GABRA3,NCK1,PDZD2,SRC,FYN,AXIN2,RHOA,TNIK,AGAP2,TRIM28,MTOR,CHD3,GCN1L1,SUPT6H,ATXN1,CDC42,TAF1,CHD4,FLNA,TTN,PTPN12,SMAD9,ZNF512B,ESR2,SMAD2
169	25	38	40	PIK3CA,TP53,PIK3R1,CTNNB1,PTEN,MYC,ERBB2,APC,MAX,CDH1,PDGFRB,ABL1,PLCG1,BCL9,CCND1,MED12,CCNE1,TRRAP,EGFR,EP300,TCF7L2,PPP2R1A,RAC1,AKT1,FGFR3,VCAN,NRXN1,BCL2L1,MACF1,MYO16,CRK,SIPA1L1,MCL1,LEF1,CTNND1,ERBB3,GRB2,VAV2,GABRA3,NCK1,PDZD2,SRC,FYN,AXIN2,RHOA,TNIK,AGAP2,TRIM28,MTOR,CHD3,GCN1L1,SUPT6H,ATXN1,CDC42,TAF1,CHD4,FLNA,TTN,PTPN12,SMAD9,ZNF512B,ESR2,SMAD2
170	26	38	41	PIK3CA,TP53,PIK3R1,CTNNB1,PTEN,MYC,ERBB2,APC,MAX,CDH1,PDGFRB,ABL1,PLCG1,BCL9,CCND1,MED12,CCNE1,TRRAP,EGFR,EP300,TCF7L2,PPP2R1A,RAC1,AKT1,FGFR3,NF1,VCAN,NRXN1,BCL2L1,MACF1,MYO16,CRK,SIPA1L1,MCL1,LEF1,CTNND1,ERBB3,GRB2,VAV2,GABRA3,NCK1,PDZD2,SRC,FYN,AXIN2,RHOA,TNIK,AGAP2,TRIM28,MTOR,CHD3,GCN1L1,SUPT6H,ATXN1,CDC42,TAF1,CHD4,FLNA,TTN,PTPN12,SMAD9,ZNF512B,ESR2,SMAD2
171	27	38	42	PIK3CA,TP53,PIK3R1,CTNNB1,PTEN,MYC,ERBB2,APC,MAX,CDH1,PDGFRB,ABL1,PLCG1,BCL9,CCND1,MED12,CCNE1,TRRAP,EGFR,EP300,TCF7L2,PPP2R1A,RAC1,AKT1,FGFR3,FBXW7,NF1,VCAN,NRXN1,BCL2L1,MACF1,MYO16,CRK,SIPA1L1,MCL1,LEF1,CTNND1,ERBB3,GRB2,VAV2,GABRA3,NCK1,PDZD2,SRC,FYN,AXIN2,RHOA,TNIK,AGAP2,TRIM28,MTOR,CHD3,GCN1L1,SUPT6H,ATXN1,CDC42,TAF1,CHD4,FLNA,TTN,PTPN12,SMAD9,ZNF512B,ESR2,SMAD2
172	27	38	42	PIK3CA,TP53,PIK3R1,CTNNB1,PTEN,MYC,ERBB2,APC,MAX,CDH1,PDGFRB,ABL1,PLCG1,BCL9,CCND1,MED12,CCNE1,TRRAP,EGFR,EP300,TCF7L2,PPP2R1A,RAC1,AKT1,FGFR3,FBXW7,NF1,VCAN,NRXN1,BCL2L1,MACF1,MYO16,CRK,SIPA1L1,MCL1,LEF1,CTNND1,ERBB3,GRB2,VAV2,GABRA3,NCK1,PDZD2,SRC,FYN,AXIN2,RHOA,TNIK,AGAP2,TRIM28,MTOR,CHD3,GCN1L1,SUPT6H,ATXN1,CDC42,TAF1,CHD4,FLNA,TTN,PTPN12,SMAD9,ZNF512B,ESR2,SMAD2
173	27	38	42	PIK3CA,TP53,PIK3R1,CTNNB1,PTEN,MYC,ERBB2,APC,MAX,CDH1,PDGFRB,ABL1,PLCG1,BCL9,CCND1,MED12,CCNE1,TRRAP,EGFR,EP300,TCF7L2,PPP2R1A,RAC1,AKT1,FGFR3,FBXW7,NF1,VCAN,NRXN1,BCL2L1,MACF1,MYO16,CRK,SIPA1L1,MCL1,LEF1,CTNND1,ERBB3,GRB2,VAV2,GABRA3,NCK1,PDZD2,SRC,FYN,AXIN2,RHOA,TNIK,AGAP2,TRIM28,MTOR,CHD3,GCN1L1,SUPT6H,ATXN1,CDC42,TAF1,CHD4,FLNA,TTN,PTPN12,SMAD9,ZNF512B,ESR2,SMAD2
174	27	40	41	PIK3CA,TP53,PIK3R1,CTNNB1,PTEN,MYC,ERBB2,APC,MAX,CDH1,PDGFRB,ABL1,PLCG1,BCL9,CCND1,MED12,CCNE1,TRRAP,EGFR,EP300,TCF7L2,PPP2R1A,RAC1,AKT1,FGFR3,FBXW7,NF1,VCAN,NRXN1,BCL2L1,MACF1,MYO16,CRK,SIPA1L1,MCL1,LEF1,CTNND1,ERBB3,GRB2,VAV2,GABRA3,NCK1,PDZD2,SRC,FYN,AXIN2,RHOA,TNIK,AGAP2,TRIM28,MTOR,CHD3,GCN1L1,SUPT6H,ATXN1,CDC42,TAF1,FAM123B,CHD4,FLNA,TTN,PTPN12,SMAD9,ZNF512B,ESR2,SMAD2,SKIL
175	27	40	41	PIK3CA,TP53,PIK3R1,CTNNB1,PTEN,MYC,ERBB2,APC,MAX,CDH1,PDGFRB,ABL1,PLCG1,BCL9,CCND1,MED12,CCNE1,TRRAP,EGFR,EP300,TCF7L2,PPP2R1A,RAC1,AKT1,FGFR3,FBXW7,NF1,VCAN,NRXN1,BCL2L1,MACF1,MYO16,CRK,SIPA1L1,MCL1,LEF1,CTNND1,ERBB3,GRB2,VAV2,GABRA3,NCK1,PDZD2,SRC,FYN,AXIN2,RHOA,TNIK,AGAP2,TRIM28,MTOR,CHD3,GCN1L1,SUPT6H,ATXN1,CDC42,TAF1,FAM123B,CHD4,FLNA,TTN,PTPN12,SMAD9,ZNF512B,ESR2,SMAD2,SKIL
176	27	40	41	PIK3CA,TP53,PIK3R1,CTNNB1,PTEN,MYC,ERBB2,APC,MAX,CDH1,PDGFRB,ABL1,PLCG1,BCL9,CCND1,MED12,CCNE1,TRRAP,EGFR,EP300,TCF7L2,PPP2R1A,RAC1,AKT1,FGFR3,FBXW7,NF1,VCAN,NRXN1,BCL2L1,MACF1,MYO16,CRK,SIPA1L1,MCL1,LEF1,CTNND1,ERBB3,GRB2,VAV2,GABRA3,NCK1,PDZD2,SRC,FYN,AXIN2,RHOA,TNIK,AGAP2,TRIM28,MTOR,CHD3,GCN1L1,SUPT6H,ATXN1,CDC42,TAF1,FAM123B,CHD4,FLNA,TTN,PTPN12,SMAD9,ZNF512B,ESR2,SMAD2,SKIL
177	27	40	41	PIK3CA,TP53,PIK3R1,CTNNB1,PTEN,MYC,ERBB2,APC,MAX,CDH1,PDGFRB,ABL1,PLCG1,BCL9,CCND1,MED12,CCNE1,TRRAP,EGFR,EP300,TCF7L2,PPP2R1A,RAC1,AKT1,FGFR3,FBXW7,NF1,VCAN,NRXN1,BCL2L1,MACF1,MYO16,CRK,SIPA1L1,MCL1,LEF1,CTNND1,ERBB3,GRB2,VAV2,GABRA3,NCK1,PDZD2,SRC,FYN,AXIN2,RHOA,TNIK,AGAP2,TRIM28,MTOR,CHD3,GCN1L1,SUPT6H,ATXN1,CDC42,TAF1,FAM123B,CHD4,FLNA,TTN,PTPN12,SMAD9,ZNF512B,ESR2,SMAD2,SKIL
178	27	40	41	PIK3CA,TP53,PIK3R1,CTNNB1,PTEN,MYC,ERBB2,APC,MAX,CDH1,PDGFRB,ABL1,PLCG1,BCL9,CCND1,MED12,CCNE1,TRRAP,EGFR,EP300,TCF7L2,PPP2R1A,RAC1,AKT1,FGFR3,FBXW7,NF1,VCAN,NRXN1,BCL2L1,MACF1,MYO16,CRK,SIPA1L1,MCL1,LEF1,CTNND1,ERBB3,GRB2,VAV2,GABRA3,NCK1,PDZD2,SRC,FYN,AXIN2,RHOA,TNIK,AGAP2,TRIM28,MTOR,CHD3,GCN1L1,SUPT6H,ATXN1,CDC42,TAF1,FAM123B,CHD4,FLNA,TTN,PTPN12,SMAD9,ZNF512B,ESR2,SMAD2,SKIL
179	27	40	41	PIK3CA,TP53,PIK3R1,CTNNB1,PTEN,MYC,ERBB2,APC,MAX,CDH1,PDGFRB,ABL1,PLCG1,BCL9,CCND1,MED12,CCNE1,TRRAP,EGFR,EP300,TCF7L2,PPP2R1A,RAC1,AKT1,FGFR3,FBXW7,NF1,VCAN,NRXN1,BCL2L1,MACF1,MYO16,CRK,SIPA1L1,MCL1,LEF1,CTNND1,ERBB3,GRB2,VAV2,GABRA3,NCK1,PDZD2,SRC,FYN,AXIN2,RHOA,TNIK,AGAP2,TRIM28,MTOR,CHD3,GCN1L1,SUPT6H,ATXN1,CDC42,TAF1,FAM123B,CHD4,FLNA,TTN,PTPN12,SMAD9,ZNF512B,ESR2,SMAD2,SKIL
180	27	40	41	PIK3CA,TP53,PIK3R1,CTNNB1,PTEN,MYC,ERBB2,APC,MAX,CDH1,PDGFRB,ABL1,PLCG1,BCL9,CCND1,MED12,CCNE1,TRRAP,EGFR,EP300,TCF7L2,PPP2R1A,RAC1,AKT1,FGFR3,FBXW7,NF1,VCAN,NRXN1,BCL2L1,MACF1,MYO16,CRK,SIPA1L1,MCL1,LEF1,CTNND1,ERBB3,GRB2,VAV2,GABRA3,NCK1,PDZD2,SRC,FYN,AXIN2,RHOA,TNIK,AGAP2,TRIM28,MTOR,CHD3,GCN1L1,SUPT6H,ATXN1,CDC42,TAF1,FAM123B,CHD4,FLNA,TTN,PTPN12,SMAD9,ZNF512B,ESR2,SMAD2,SKIL
181	27	40	41	PIK3CA,TP53,PIK3R1,CTNNB1,PTEN,MYC,ERBB2,APC,MAX,CDH1,PDGFRB,ABL1,PLCG1,BCL9,CCND1,MED12,CCNE1,TRRAP,EGFR,EP300,TCF7L2,PPP2R1A,RAC1,AKT1,FGFR3,FBXW7,NF1,VCAN,NRXN1,BCL2L1,MACF1,MYO16,CRK,SIPA1L1,MCL1,LEF1,CTNND1,ERBB3,GRB2,VAV2,GABRA3,NCK1,PDZD2,SRC,FYN,AXIN2,RHOA,TNIK,AGAP2,TRIM28,MTOR,CHD3,GCN1L1,SUPT6H,ATXN1,CDC42,TAF1,FAM123B,CHD4,FLNA,TTN,PTPN12,SMAD9,ZNF512B,ESR2,SMAD2,SKIL
182	27	40	41	PIK3CA,TP53,PIK3R1,CTNNB1,PTEN,MYC,ERBB2,APC,MAX,CDH1,PDGFRB,ABL1,PLCG1,BCL9,CCND1,MED12,CCNE1,TRRAP,EGFR,EP300,TCF7L2,PPP2R1A,RAC1,AKT1,FGFR3,FBXW7,NF1,VCAN,NRXN1,BCL2L1,MACF1,MYO16,CRK,SIPA1L1,MCL1,LEF1,CTNND1,ERBB3,GRB2,VAV2,GABRA3,NCK1,PDZD2,SRC,FYN,AXIN2,RHOA,TNIK,AGAP2,TRIM28,MTOR,CHD3,GCN1L1,SUPT6H,ATXN1,CDC42,TAF1,FAM123B,CHD4,FLNA,TTN,PTPN12,SMAD9,ZNF512B,ESR2,SMAD2,SKIL
183	27	41	40	PIK3CA,TP53,PIK3R1,CTNNB1,PTEN,MYC,ERBB2,APC,MAX,CDH1,PDGFRB,ABL1,PLCG1,BCL9,CCND1,MED12,CCNE1,TRRAP,EGFR,EP300,TCF7L2,PPP2R1A,RAC1,AKT1,FGFR3,FBXW7,NF1,VCAN,NRXN1,BCL2L1,MACF1,MYO16,CRK,SIPA1L1,MCL1,LEF1,CTNND1,ERBB3,GRB2,VAV2,GABRA3,NCK1,PDZD2,SRC,FYN,AXIN2,RHOA,TNIK,AGAP2,TRIM28,MTOR,CHD3,GCN1L1,SUPT6H,ATXN1,CDC42,TAF1,FAM123B,CHD4,FLNA,TTN,TJP2,PTPN12,SMAD9,ZNF512B,ESR2,SMAD2,SKIL
184	27	41	40	PIK3CA,TP53,PIK3R1,CTNNB1,PTEN,MYC,ERBB2,APC,MAX,CDH1,PDGFRB,ABL1,PLCG1,BCL9,CCND1,MED12,CCNE1,TRRAP,EGFR,EP300,TCF7L2,PPP2R1A,RAC1,AKT1,FGFR3,FBXW7,NF1,VCAN,NRXN1,BCL2L1,MACF1,MYO16,CRK,SIPA1L1,MCL1,LEF1,CTNND1,ERBB3,GRB2,VAV2,GABRA3,NCK1,PDZD2,SRC,FYN,AXIN2,RHOA,TNIK,AGAP2,TRIM28,MTOR,CHD3,GCN1L1,SUPT6H,ATXN1,CDC42,TAF1,FAM123B,CHD4,FLNA,TTN,TJP2,PTPN12,SMAD9,ZNF512B,ESR2,SMAD2,SKIL
185	27	42	40	PIK3CA,TP53,PIK3R1,CTNNB1,PTEN,MYC,ERBB2,APC,MAX,CDH1,PDGFRB,ABL1,PLCG1,BCL9,CCND1,MED12,CCNE1,TRRAP,EGFR,EP300,TCF7L2,PPP2R1A,RAC1,AKT1,FGFR3,FBXW7,NF1,VCAN,NRXN1,BCL2L1,MACF1,MYO16,CRK,SIPA1L1,MCL1,LEF1,CTNND1,ERBB3,GRB2,VAV2,GABRA3,NCK1,PDZD2,SRC,FYN,AXIN2,RHOA,TNIK,ITGA2B,AGAP2,TRIM28,MTOR,CHD3,GCN1L1,SUPT6H,ATXN1,CDC42,TAF1,FAM123B,CHD4,FLNA,TTN,TJP2,PTPN12,SMAD9,ZNF512B,ESR2,SMAD2,SKIL
186	27	42	40	PIK3CA,TP53,PIK3R1,CTNNB1,PTEN,MYC,ERBB2,APC,MAX,CDH1,PDGFRB,ABL1,PLCG1,BCL9,CCND1,MED12,CCNE1,TRRAP,EGFR,EP300,TCF7L2,PPP2R1A,RAC1,AKT1,FGFR3,FBXW7,NF1,VCAN,NRXN1,BCL2L1,MACF1,MYO16,CRK,SIPA1L1,MCL1,LEF1,CTNND1,ERBB3,GRB2,VAV2,GABRA3,NCK1,PDZD2,SRC,FYN,AXIN2,RHOA,TNIK,ITGA2B,AGAP2,TRIM28,MTOR,CHD3,GCN1L1,SUPT6H,ATXN1,CDC42,TAF1,FAM123B,CHD4,FLNA,TTN,TJP2,PTPN12,SMAD9,ZNF512B,ESR2,SMAD2,SKIL
187	28	42	40	PIK3CA,TP53,PIK3R1,CTNNB1,PTEN,MYC,ERBB2,APC,MAX,CDH1,PDGFRB,ABL1,PLCG1,DDX5,BCL9,CCND1,MED12,CCNE1,TRRAP,EGFR,EP300,TCF7L2,PPP2R1A,RAC1,AKT1,FGFR3,FBXW7,NF1,VCAN,NRXN1,BCL2L1,MACF1,MYO16,CRK,SIPA1L1,MCL1,LEF1,CTNND1,ERBB3,GRB2,VAV2,GABRA3,NCK1,PDZD2,SRC,FYN,AXIN2,RHOA,TNIK,ITGA2B,AGAP2,TRIM28,MTOR,CHD3,GCN1L1,SUPT6H,ATXN1,CDC42,TAF1,FAM123B,CHD4,FLNA,TTN,TJP2,PTPN12,SMAD9,ZNF512B,ESR2,SMAD2,SKIL
188	28	42	40	PIK3CA,TP53,PIK3R1,CTNNB1,PTEN,MYC,ERBB2,APC,MAX,CDH1,PDGFRB,ABL1,PLCG1,DDX5,BCL9,CCND1,MED12,CCNE1,TRRAP,EGFR,EP300,TCF7L2,PPP2R1A,RAC1,AKT1,FGFR3,FBXW7,NF1,VCAN,NRXN1,BCL2L1,MACF1,MYO16,CRK,SIPA1L1,MCL1,LEF1,CTNND1,ERBB3,GRB2,VAV2,GABRA3,NCK1,PDZD2,SRC,FYN,AXIN2,RHOA,TNIK,ITGA2B,AGAP2,TRIM28,MTOR,CHD3,GCN1L1,SUPT6H,ATXN1,CDC42,TAF1,FAM123B,CHD4,FLNA,TTN,TJP2,PTPN12,SMAD9,ZNF512B,ESR2,SMAD2,SKIL
189	28	42	40	PIK3CA,TP53,PIK3R1,CTNNB1,PTEN,MYC,ERBB2,APC,MAX,CDH1,PDGFRB,ABL1,PLCG1,DDX5,BCL9,CCND1,MED12,CCNE1,TRRAP,EGFR,EP300,TCF7L2,PPP2R1A,RAC1,AKT1,FGFR3,FBXW7,NF1,VCAN,NRXN1,BCL2L1,MACF1,MYO16,CRK,SIPA1L1,MCL1,LEF1,CTNND1,ERBB3,GRB2,VAV2,GABRA3,NCK1,PDZD2,SRC,FYN,AXIN2,RHOA,TNIK,ITGA2B,AGAP2,TRIM28,MTOR,CHD3,GCN1L1,SUPT6H,ATXN1,CDC42,TAF1,FAM123B,CHD4,FLNA,TTN,TJP2,PTPN12,SMAD9,ZNF512B,ESR2,SMAD2,SKIL
190	28	43	40	PIK3CA,TP53,PIK3R1,CTNNB1,PTEN,MYC,ERBB2,APC,MAX,CDH1,PDGFRB,ABL1,PLCG1,DDX5,BCL9,CCND1,MED12,CCNE1,TRRAP,EGFR,EP300,TCF7L2,PPP2R1A,RAC1,AKT1,FGFR3,FBXW7,NF1,VCAN,NRXN1,BCL2L1,MACF1,MYO16,CRK,SIPA1L1,MCL1,LEF1,CTNND1,ERBB3,GRB2,VAV2,GABRA3,NCK1,PDZD2,SRC,FYN,AXIN2,RHOA,TNIK,ITGA2B,AGAP2,TRIM28,MTOR,CHD3,GCN1L1,SUPT6H,ATXN1,CDC42,TAF1,FAM123B,CHD4,FLNA,TTN,TJP2,PTPN12,SMAD9,ZNF512B,ESR2,SMAD2,SKIL,DISC1
191	29	45	40	PIK3CA,TP53,PIK3R1,CTNNB1,PTEN,MYC,ERBB2,APC,MAX,CDH1,PDGFRB,ABL1,PLCG1,DDX5,BCL9,CCND1,MED12,CCNE1,TRRAP,EGFR,EP300,TCF7L2,PPP2R1A,RAC1,AKT1,FGFR3,FBXW7,NF1,MET,VCAN,NRXN1,BCL2L1,MACF1,MYO16,CRK,SIPA1L1,MCL1,LEF1,CTNND1,ERBB3,GRB2,VAV2,GABRA3,NCK1,PDZD2,SRC,FYN,AXIN2,RHOA,TNIK,ITGA2B,AGAP2,TRIM28,MTOR,IGF2BP1,CHD3,GCN1L1,SUPT6H,ATXN1,CDC42,TAF1,FAM123B,CHD4,FLNA,TTN,TJP2,PTPN12,SMAD9,DST,ZNF512B,ESR2,SMAD2,SKIL,DISC1
192	29	45	40	PIK3CA,TP53,PIK3R1,CTNNB1,PTEN,MYC,ERBB2,APC,MAX,CDH1,PDGFRB,ABL1,PLCG1,DDX5,BCL9,CCND1,MED12,CCNE1,TRRAP,EGFR,EP300,TCF7L2,PPP2R1A,RAC1,AKT1,FGFR3,FBXW7,NF1,MET,VCAN,NRXN1,BCL2L1,MACF1,MYO16,CRK,SIPA1L1,MCL1,LEF1,CTNND1,ERBB3,GRB2,VAV2,GABRA3,NCK1,PDZD2,SRC,FYN,AXIN2,RHOA,TNIK,ITGA2B,AGAP2,TRIM28,MTOR,IGF2BP1,CHD3,GCN1L1,SUPT6H,ATXN1,CDC42,TAF1,FAM123B,CHD4,FLNA,TTN,TJP2,PTPN12,SMAD9,DST,ZNF512B,ESR2,SMAD2,SKIL,DISC1
193	29	45	40	PIK3CA,TP53,PIK3R1,CTNNB1,PTEN,MYC,ERBB2,APC,MAX,CDH1,PDGFRB,ABL1,PLCG1,DDX5,BCL9,CCND1,MED12,CCNE1,TRRAP,EGFR,EP300,TCF7L2,PPP2R1A,RAC1,AKT1,FGFR3,FBXW7,NF1,MET,VCAN,NRXN1,BCL2L1,MACF1,MYO16,CRK,SIPA1L1,MCL1,LEF1,CTNND1,ERBB3,GRB2,VAV2,GABRA3,NCK1,PDZD2,SRC,FYN,AXIN2,RHOA,TNIK,ITGA2B,AGAP2,TRIM28,MTOR,IGF2BP1,CHD3,GCN1L1,SUPT6H,ATXN1,CDC42,TAF1,FAM123B,CHD4,FLNA,TTN,TJP2,PTPN12,SMAD9,DST,ZNF512B,ESR2,SMAD2,SKIL,DISC1
194	29	46	39	PIK3CA,TP53,PIK3R1,CTNNB1,PTEN,MYC,ERBB2,APC,MAX,CDH1,PDGFRB,ABL1,PLCG1,DDX5,BCL9,CCND1,MED12,CCNE1,TRRAP,EGFR,EP300,TCF7L2,PPP2R1A,RAC1,AKT1,FGFR3,FBXW7,NF1,MET,VCAN,NRXN1,BCL2L1,MACF1,MYO16,CRK,SIPA1L1,MCL1,LEF1,CTNND1,ERBB3,GRB2,VAV2,GABRA3,NCK1,PDZD2,SRC,FYN,AR,AXIN2,RHOA,TNIK,ITGA2B,AGAP2,TRIM28,MTOR,IGF2BP1,CHD3,GCN1L1,SUPT6H,ATXN1,CDC42,TAF1,FAM123B,CHD4,FLNA,TTN,TJP2,PTPN12,SMAD9,DST,ZNF512B,ESR2,SMAD2,SKIL,DISC1
195	29	46	39	PIK3CA,TP53,PIK3R1,CTNNB1,PTEN,MYC,ERBB2,APC,MAX,CDH1,PDGFRB,ABL1,PLCG1,DDX5,BCL9,CCND1,MED12,CCNE1,TRRAP,EGFR,EP300,TCF7L2,PPP2R1A,RAC1,AKT1,FGFR3,FBXW7,NF1,MET,VCAN,NRXN1,BCL2L1,MACF1,MYO16,CRK,SIPA1L1,MCL1,LEF1,CTNND1,ERBB3,GRB2,VAV2,GABRA3,NCK1,PDZD2,SRC,FYN,AR,AXIN2,RHOA,TNIK,ITGA2B,AGAP2,TRIM28,MTOR,IGF2BP1,CHD3,GCN1L1,SUPT6H,ATXN1,CDC42,TAF1,FAM123B,CHD4,FLNA,TTN,TJP2,PTPN12,SMAD9,DST,ZNF512B,ESR2,SMAD2,SKIL,DISC1
196	29	47	38	PIK3CA,TP53,PIK3R1,CTNNB1,PTEN,MYC,ERBB2,APC,MAX,CDH1,PDGFRB,ABL1,PLCG1,DDX5,BCL9,CCND1,MED12,CCNE1,TRRAP,EGFR,EP300,TCF7L2,PPP2R1A,RAC1,AKT1,FGFR3,FBXW7,NF1,MET,VCAN,NRXN1,BCL2L1,MACF1,MYO16,CRK,SIPA1L1,MCL1,LEF1,CTNND1,ERBB3,GRB2,VAV2,GABRA3,NCK1,PDZD2,SRC,FYN,AR,AXIN2,RHOA,TNIK,ITGA2B,AGAP2,TRIM28,MTOR,IGF2BP1,CHD3,GCN1L1,SUPT6H,ATXN1,CDC42,TAF1,FAM123B,CHD4,FLNA,TTN,TJP2,PTPN12,SMAD9,DST,PAK1,ZNF512B,ESR2,SMAD2,SKIL,DISC1
197	30	47	39	PIK3CA,TP53,PIK3R1,CTNNB1,PTEN,MYC,ERBB2,APC,MAX,CDH1,PDGFRB,ABL1,PLCG1,DDX5,BCL9,CCND1,MED12,CCNE1,TRRAP,EGFR,EP300,TCF7L2,PTPRB,PPP2R1A,RAC1,AKT1,FGFR3,FBXW7,NF1,MET,VCAN,NRXN1,BCL2L1,MACF1,MYO16,CRK,SIPA1L1,MCL1,LEF1,CTNND1,ERBB3,GRB2,VAV2,GABRA3,NCK1,PDZD2,SRC,FYN,AR,AXIN2,RHOA,TNIK,ITGA2B,AGAP2,TRIM28,MTOR,IGF2BP1,CHD3,GCN1L1,SUPT6H,ATXN1,CDC42,TAF1,FAM123B,CHD4,FLNA,TTN,TJP2,PTPN12,SMAD9,DST,PAK1,ZNF512B,ESR2,SMAD2,SKIL,DISC1
198	30	47	39	PIK3CA,TP53,PIK3R1,CTNNB1,PTEN,MYC,ERBB2,APC,MAX,CDH1,PDGFRB,ABL1,PLCG1,DDX5,BCL9,CCND1,MED12,CCNE1,TRRAP,EGFR,EP300,TCF7L2,PTPRB,PPP2R1A,RAC1,AKT1,FGFR3,FBXW7,NF1,MET,VCAN,NRXN1,BCL2L1,MACF1,MYO16,CRK,SIPA1L1,MCL1,LEF1,CTNND1,ERBB3,GRB2,VAV2,GABRA3,NCK1,PDZD2,SRC,FYN,AR,AXIN2,RHOA,TNIK,ITGA2B,AGAP2,TRIM28,MTOR,IGF2BP1,CHD3,GCN1L1,SUPT6H,ATXN1,CDC42,TAF1,FAM123B,CHD4,FLNA,TTN,TJP2,PTPN12,SMAD9,DST,PAK1,ZNF512B,ESR2,SMAD2,SKIL,DISC1
199	31	49	39	PIK3CA,TP53,PIK3R1,CTNNB1,PTEN,MYC,ERBB2,APC,MAX,CDH1,PDGFRB,ABL1,PLCG1,DDX5,BCL9,CCND1,MED12,CCNE1,TRRAP,EGFR,EP300,TCF7L2,PTPRB,PPP2R1A,RAC1,AKT1,FGFR3,ATM,FBXW7,NF1,MET,VCAN,NRXN1,BCL2L1,MACF1,MYO16,CRK,SIPA1L1,MCL1,LEF1,CTNND1,ERBB3,GRB2,VAV2,GABRA3,NCK1,PDZD2,SRC,SALL4,FYN,AR,AXIN2,RHOA,TNIK,ITGA2B,AGAP2,TRIM28,MTOR,IGF2BP1,CHD3,GCN1L1,SUPT6H,ATXN1,CDC42,TAF1,FAM123B,CHD4,FLNA,TTN,TJP2,PTPN12,SMAD9,DST,GSK3B,PAK1,ZNF512B,ESR2,SMAD2,SKIL,DISC1
